,valid_time,latitude,longitude,site_name,horizon,GHI,Clear sky GHI,GHI_NWP_ens_000,GHI_NWP_ens_001,GHI_NWP_ens_002,GHI_NWP_ens_003,GHI_NWP_ens_004,GHI_NWP_ens_005,GHI_NWP_ens_006,GHI_NWP_ens_007,GHI_NWP_ens_008,GHI_NWP_ens_009,GHI_NWP_ens_010,GHI_NWP_ens_011,GHI_NWP_ens_012,GHI_NWP_ens_013,GHI_NWP_ens_014,GHI_NWP_ens_015,GHI_NWP_ens_016,GHI_NWP_ens_017,GHI_NWP_ens_018,GHI_NWP_ens_019,GHI_NWP_ens_020,GHI_NWP_ens_021,GHI_NWP_ens_022,GHI_NWP_ens_023,GHI_NWP_ens_024,GHI_NWP_ens_025,GHI_NWP_ens_026,GHI_NWP_ens_027,GHI_NWP_ens_028,GHI_NWP_ens_029,GHI_NWP_ens_030,GHI_NWP_ens_031,GHI_NWP_ens_032,GHI_NWP_ens_033,GHI_NWP_ens_034
0,2019-01-01 21:00:00+00:00,43.29999999999988,5.399999999999996,marseille,0 days 03:00:00,0.0,0.0,0.0,0.0,0.0,0.0,0.0,0.0,0.0,0.0,0.0,0.0,0.0,0.0,0.0,0.0,0.0,0.0,0.0,0.0,0.0,0.0,0.0,0.0,0.0,0.0,0.0,0.0,0.0,0.0,0.0,0.0,0.0,0.0,0.0,0.0,0.0
1,2019-01-01 21:15:00+00:00,43.29999999999988,5.399999999999996,marseille,0 days 03:15:00,0.0,0.0,0.0,0.0,0.0,0.0,0.0,0.0,0.0,0.0,0.0,0.0,0.0,0.0,0.0,0.0,0.0,0.0,0.0,0.0,0.0,0.0,0.0,0.0,0.0,0.0,0.0,0.0,0.0,0.0,0.0,0.0,0.0,0.0,0.0,0.0,0.0
2,2019-01-01 21:30:00+00:00,43.29999999999988,5.399999999999996,marseille,0 days 03:30:00,0.0,0.0,0.0,0.0,0.0,0.0,0.0,0.0,0.0,0.0,0.0,0.0,0.0,0.0,0.0,0.0,0.0,0.0,0.0,0.0,0.0,0.0,0.0,0.0,0.0,0.0,0.0,0.0,0.0,0.0,0.0,0.0,0.0,0.0,0.0,0.0,0.0
3,2019-01-01 21:45:00+00:00,43.29999999999988,5.399999999999996,marseille,0 days 03:45:00,0.0,0.0,0.0,0.0,0.0,0.0,0.0,0.0,0.0,0.0,0.0,0.0,0.0,0.0,0.0,0.0,0.0,0.0,0.0,0.0,0.0,0.0,0.0,0.0,0.0,0.0,0.0,0.0,0.0,0.0,0.0,0.0,0.0,0.0,0.0,0.0,0.0
4,2019-01-01 22:00:00+00:00,43.29999999999988,5.399999999999996,marseille,0 days 04:00:00,0.0,0.0,0.0,0.0,0.0,0.0,0.0,0.0,0.0,0.0,0.0,0.0,0.0,0.0,0.0,0.0,0.0,0.0,0.0,0.0,0.0,0.0,0.0,0.0,0.0,0.0,0.0,0.0,0.0,0.0,0.0,0.0,0.0,0.0,0.0,0.0,0.0
5,2019-01-01 22:15:00+00:00,43.29999999999988,5.399999999999996,marseille,0 days 04:15:00,0.0,0.0,0.0,0.0,0.0,0.0,0.0,0.0,0.0,0.0,0.0,0.0,0.0,0.0,0.0,0.0,0.0,0.0,0.0,0.0,0.0,0.0,0.0,0.0,0.0,0.0,0.0,0.0,0.0,0.0,0.0,0.0,0.0,0.0,0.0,0.0,0.0
6,2019-01-01 22:30:00+00:00,43.29999999999988,5.399999999999996,marseille,0 days 04:30:00,0.0,0.0,0.0,0.0,0.0,0.0,0.0,0.0,0.0,0.0,0.0,0.0,0.0,0.0,0.0,0.0,0.0,0.0,0.0,0.0,0.0,0.0,0.0,0.0,0.0,0.0,0.0,0.0,0.0,0.0,0.0,0.0,0.0,0.0,0.0,0.0,0.0
7,2019-01-01 22:45:00+00:00,43.29999999999988,5.399999999999996,marseille,0 days 04:45:00,0.0,0.0,0.0,0.0,0.0,0.0,0.0,0.0,0.0,0.0,0.0,0.0,0.0,0.0,0.0,0.0,0.0,0.0,0.0,0.0,0.0,0.0,0.0,0.0,0.0,0.0,0.0,0.0,0.0,0.0,0.0,0.0,0.0,0.0,0.0,0.0,0.0
8,2019-01-01 23:00:00+00:00,43.29999999999988,5.399999999999996,marseille,0 days 05:00:00,0.0,0.0,0.0,0.0,0.0,0.0,0.0,0.0,0.0,0.0,0.0,0.0,0.0,0.0,0.0,0.0,0.0,0.0,0.0,0.0,0.0,0.0,0.0,0.0,0.0,0.0,0.0,0.0,0.0,0.0,0.0,0.0,0.0,0.0,0.0,0.0,0.0
9,2019-01-01 23:15:00+00:00,43.29999999999988,5.399999999999996,marseille,0 days 05:15:00,0.0,0.0,0.0,0.0,0.0,0.0,0.0,0.0,0.0,0.0,0.0,0.0,0.0,0.0,0.0,0.0,0.0,0.0,0.0,0.0,0.0,0.0,0.0,0.0,0.0,0.0,0.0,0.0,0.0,0.0,0.0,0.0,0.0,0.0,0.0,0.0,0.0
10,2019-01-01 23:30:00+00:00,43.29999999999988,5.399999999999996,marseille,0 days 05:30:00,0.0,0.0,0.0,0.0,0.0,0.0,0.0,0.0,0.0,0.0,0.0,0.0,0.0,0.0,0.0,0.0,0.0,0.0,0.0,0.0,0.0,0.0,0.0,0.0,0.0,0.0,0.0,0.0,0.0,0.0,0.0,0.0,0.0,0.0,0.0,0.0,0.0
11,2019-01-01 23:45:00+00:00,43.29999999999988,5.399999999999996,marseille,0 days 05:45:00,0.0,0.0,0.0,0.0,0.0,0.0,0.0,0.0,0.0,0.0,0.0,0.0,0.0,0.0,0.0,0.0,0.0,0.0,0.0,0.0,0.0,0.0,0.0,0.0,0.0,0.0,0.0,0.0,0.0,0.0,0.0,0.0,0.0,0.0,0.0,0.0,0.0
12,2019-01-02 00:00:00+00:00,43.29999999999988,5.399999999999996,marseille,0 days 06:00:00,0.0,0.0,0.0,0.0,0.0,0.0,0.0,0.0,0.0,0.0,0.0,0.0,0.0,0.0,0.0,0.0,0.0,0.0,0.0,0.0,0.0,0.0,0.0,0.0,0.0,0.0,0.0,0.0,0.0,0.0,0.0,0.0,0.0,0.0,0.0,0.0,0.0
13,2019-01-02 00:15:00+00:00,43.29999999999988,5.399999999999996,marseille,0 days 06:15:00,0.0,0.0,0.0,0.0,0.0,0.0,0.0,0.0,0.0,0.0,0.0,0.0,0.0,0.0,0.0,0.0,0.0,0.0,0.0,0.0,0.0,0.0,0.0,0.0,0.0,0.0,0.0,0.0,0.0,0.0,0.0,0.0,0.0,0.0,0.0,0.0,0.0
14,2019-01-02 00:30:00+00:00,43.29999999999988,5.399999999999996,marseille,0 days 06:30:00,0.0,0.0,0.0,0.0,0.0,0.0,0.0,0.0,0.0,0.0,0.0,0.0,0.0,0.0,0.0,0.0,0.0,0.0,0.0,0.0,0.0,0.0,0.0,0.0,0.0,0.0,0.0,0.0,0.0,0.0,0.0,0.0,0.0,0.0,0.0,0.0,0.0
15,2019-01-02 00:45:00+00:00,43.29999999999988,5.399999999999996,marseille,0 days 06:45:00,0.0,0.0,0.0,0.0,0.0,0.0,0.0,0.0,0.0,0.0,0.0,0.0,0.0,0.0,0.0,0.0,0.0,0.0,0.0,0.0,0.0,0.0,0.0,0.0,0.0,0.0,0.0,0.0,0.0,0.0,0.0,0.0,0.0,0.0,0.0,0.0,0.0
16,2019-01-02 01:00:00+00:00,43.29999999999988,5.399999999999996,marseille,0 days 07:00:00,0.0,0.0,0.0,0.0,0.0,0.0,0.0,0.0,0.0,0.0,0.0,0.0,0.0,0.0,0.0,0.0,0.0,0.0,0.0,0.0,0.0,0.0,0.0,0.0,0.0,0.0,0.0,0.0,0.0,0.0,0.0,0.0,0.0,0.0,0.0,0.0,0.0
17,2019-01-02 01:15:00+00:00,43.29999999999988,5.399999999999996,marseille,0 days 07:15:00,0.0,0.0,0.0,0.0,0.0,0.0,0.0,0.0,0.0,0.0,0.0,0.0,0.0,0.0,0.0,0.0,0.0,0.0,0.0,0.0,0.0,0.0,0.0,0.0,0.0,0.0,0.0,0.0,0.0,0.0,0.0,0.0,0.0,0.0,0.0,0.0,0.0
18,2019-01-02 01:30:00+00:00,43.29999999999988,5.399999999999996,marseille,0 days 07:30:00,0.0,0.0,0.0,0.0,0.0,0.0,0.0,0.0,0.0,0.0,0.0,0.0,0.0,0.0,0.0,0.0,0.0,0.0,0.0,0.0,0.0,0.0,0.0,0.0,0.0,0.0,0.0,0.0,0.0,0.0,0.0,0.0,0.0,0.0,0.0,0.0,0.0
19,2019-01-02 01:45:00+00:00,43.29999999999988,5.399999999999996,marseille,0 days 07:45:00,0.0,0.0,0.0,0.0,0.0,0.0,0.0,0.0,0.0,0.0,0.0,0.0,0.0,0.0,0.0,0.0,0.0,0.0,0.0,0.0,0.0,0.0,0.0,0.0,0.0,0.0,0.0,0.0,0.0,0.0,0.0,0.0,0.0,0.0,0.0,0.0,0.0
20,2019-01-02 02:00:00+00:00,43.29999999999988,5.399999999999996,marseille,0 days 08:00:00,0.0,0.0,0.0,0.0,0.0,0.0,0.0,0.0,0.0,0.0,0.0,0.0,0.0,0.0,0.0,0.0,0.0,0.0,0.0,0.0,0.0,0.0,0.0,0.0,0.0,0.0,0.0,0.0,0.0,0.0,0.0,0.0,0.0,0.0,0.0,0.0,0.0
21,2019-01-02 02:15:00+00:00,43.29999999999988,5.399999999999996,marseille,0 days 08:15:00,0.0,0.0,0.0,0.0,0.0,0.0,0.0,0.0,0.0,0.0,0.0,0.0,0.0,0.0,0.0,0.0,0.0,0.0,0.0,0.0,0.0,0.0,0.0,0.0,0.0,0.0,0.0,0.0,0.0,0.0,0.0,0.0,0.0,0.0,0.0,0.0,0.0
22,2019-01-02 02:30:00+00:00,43.29999999999988,5.399999999999996,marseille,0 days 08:30:00,0.0,0.0,0.0,0.0,0.0,0.0,0.0,0.0,0.0,0.0,0.0,0.0,0.0,0.0,0.0,0.0,0.0,0.0,0.0,0.0,0.0,0.0,0.0,0.0,0.0,0.0,0.0,0.0,0.0,0.0,0.0,0.0,0.0,0.0,0.0,0.0,0.0
23,2019-01-02 02:45:00+00:00,43.29999999999988,5.399999999999996,marseille,0 days 08:45:00,0.0,0.0,0.0,0.0,0.0,0.0,0.0,0.0,0.0,0.0,0.0,0.0,0.0,0.0,0.0,0.0,0.0,0.0,0.0,0.0,0.0,0.0,0.0,0.0,0.0,0.0,0.0,0.0,0.0,0.0,0.0,0.0,0.0,0.0,0.0,0.0,0.0
24,2019-01-02 03:00:00+00:00,43.29999999999988,5.399999999999996,marseille,0 days 09:00:00,0.0,0.0,0.0,0.0,0.0,0.0,0.0,0.0,0.0,0.0,0.0,0.0,0.0,0.0,0.0,0.0,0.0,0.0,0.0,0.0,0.0,0.0,0.0,0.0,0.0,0.0,0.0,0.0,0.0,0.0,0.0,0.0,0.0,0.0,0.0,0.0,0.0
25,2019-01-02 03:15:00+00:00,43.29999999999988,5.399999999999996,marseille,0 days 09:15:00,0.0,0.0,0.0,0.0,0.0,0.0,0.0,0.0,0.0,0.0,0.0,0.0,0.0,0.0,0.0,0.0,0.0,0.0,0.0,0.0,0.0,0.0,0.0,0.0,0.0,0.0,0.0,0.0,0.0,0.0,0.0,0.0,0.0,0.0,0.0,0.0,0.0
26,2019-01-02 03:30:00+00:00,43.29999999999988,5.399999999999996,marseille,0 days 09:30:00,0.0,0.0,0.0,0.0,0.0,0.0,0.0,0.0,0.0,0.0,0.0,0.0,0.0,0.0,0.0,0.0,0.0,0.0,0.0,0.0,0.0,0.0,0.0,0.0,0.0,0.0,0.0,0.0,0.0,0.0,0.0,0.0,0.0,0.0,0.0,0.0,0.0
27,2019-01-02 03:45:00+00:00,43.29999999999988,5.399999999999996,marseille,0 days 09:45:00,0.0,0.0,0.0,0.0,0.0,0.0,0.0,0.0,0.0,0.0,0.0,0.0,0.0,0.0,0.0,0.0,0.0,0.0,0.0,0.0,0.0,0.0,0.0,0.0,0.0,0.0,0.0,0.0,0.0,0.0,0.0,0.0,0.0,0.0,0.0,0.0,0.0
28,2019-01-02 04:00:00+00:00,43.29999999999988,5.399999999999996,marseille,0 days 10:00:00,0.0,0.0,0.0,0.0,0.0,0.0,0.0,0.0,0.0,0.0,0.0,0.0,0.0,0.0,0.0,0.0,0.0,0.0,0.0,0.0,0.0,0.0,0.0,0.0,0.0,0.0,0.0,0.0,0.0,0.0,0.0,0.0,0.0,0.0,0.0,0.0,0.0
29,2019-01-02 04:15:00+00:00,43.29999999999988,5.399999999999996,marseille,0 days 10:15:00,0.0,0.0,0.0,0.0,0.0,0.0,0.0,0.0,0.0,0.0,0.0,0.0,0.0,0.0,0.0,0.0,0.0,0.0,0.0,0.0,0.0,0.0,0.0,0.0,0.0,0.0,0.0,0.0,0.0,0.0,0.0,0.0,0.0,0.0,0.0,0.0,0.0
30,2019-01-02 04:30:00+00:00,43.29999999999988,5.399999999999996,marseille,0 days 10:30:00,0.0,0.0,0.0,0.0,0.0,0.0,0.0,0.0,0.0,0.0,0.0,0.0,0.0,0.0,0.0,0.0,0.0,0.0,0.0,0.0,0.0,0.0,0.0,0.0,0.0,0.0,0.0,0.0,0.0,0.0,0.0,0.0,0.0,0.0,0.0,0.0,0.0
31,2019-01-02 04:45:00+00:00,43.29999999999988,5.399999999999996,marseille,0 days 10:45:00,0.0,0.0,0.0,0.0,0.0,0.0,0.0,0.0,0.0,0.0,0.0,0.0,0.0,0.0,0.0,0.0,0.0,0.0,0.0,0.0,0.0,0.0,0.0,0.0,0.0,0.0,0.0,0.0,0.0,0.0,0.0,0.0,0.0,0.0,0.0,0.0,0.0
32,2019-01-02 05:00:00+00:00,43.29999999999988,5.399999999999996,marseille,0 days 11:00:00,0.0,0.0,0.0,0.0,0.0,0.0,0.0,0.0,0.0,0.0,0.0,0.0,0.0,0.0,0.0,0.0,0.0,0.0,0.0,0.0,0.0,0.0,0.0,0.0,0.0,0.0,0.0,0.0,0.0,0.0,0.0,0.0,0.0,0.0,0.0,0.0,0.0
33,2019-01-02 05:15:00+00:00,43.29999999999988,5.399999999999996,marseille,0 days 11:15:00,0.0,0.0,0.0,0.0,0.0,0.0,0.0,0.0,0.0,0.0,0.0,0.0,0.0,0.0,0.0,0.0,0.0,0.0,0.0,0.0,0.0,0.0,0.0,0.0,0.0,0.0,0.0,0.0,0.0,0.0,0.0,0.0,0.0,0.0,0.0,0.0,0.0
34,2019-01-02 05:30:00+00:00,43.29999999999988,5.399999999999996,marseille,0 days 11:30:00,0.0,0.0,0.0,0.0,0.0,0.0,0.0,0.0,0.0,0.0,0.0,0.0,0.0,0.0,0.0,0.0,0.0,0.0,0.0,0.0,0.0,0.0,0.0,0.0,0.0,0.0,0.0,0.0,0.0,0.0,0.0,0.0,0.0,0.0,0.0,0.0,0.0
35,2019-01-02 05:45:00+00:00,43.29999999999988,5.399999999999996,marseille,0 days 11:45:00,0.0,0.0,0.0,0.0,0.0,0.0,0.0,0.0,0.0,0.0,0.0,0.0,0.0,0.0,0.0,0.0,0.0,0.0,0.0,0.0,0.0,0.0,0.0,0.0,0.0,0.0,0.0,0.0,0.0,0.0,0.0,0.0,0.0,0.0,0.0,0.0,0.0
36,2019-01-02 06:00:00+00:00,43.29999999999988,5.399999999999996,marseille,0 days 12:00:00,0.0,0.0,0.0,0.0,0.0,0.0,0.0,0.0,0.0,0.0,0.0,0.0,0.0,0.0,0.0,0.0,0.0,0.0,0.0,0.0,0.0,0.0,0.0,0.0,0.0,0.0,0.0,0.0,0.0,0.0,0.0,0.0,0.0,0.0,0.0,0.0,0.0
37,2019-01-02 06:15:00+00:00,43.29999999999988,5.399999999999996,marseille,0 days 12:15:00,0.0,0.0,0.0,0.0,0.0,0.0,0.0,0.0,0.0,0.0,0.0,0.0,0.0,0.0,0.0,0.0,0.0,0.0,0.0,0.0,0.0,0.0,0.0,0.0,0.0,0.0,0.0,0.0,0.0,0.0,0.0,0.0,0.0,0.0,0.0,0.0,0.0
38,2019-01-02 06:30:00+00:00,43.29999999999988,5.399999999999996,marseille,0 days 12:30:00,0.0,0.0,0.0,0.0,0.0,0.0,0.0,0.0,0.0,0.0,0.0,0.0,0.0,0.0,0.0,0.0,0.0,0.0,0.0,0.0,0.0,0.0,0.0,0.0,0.0,0.0,0.0,0.0,0.0,0.0,0.0,0.0,0.0,0.0,0.0,0.0,0.0
39,2019-01-02 06:45:00+00:00,43.29999999999988,5.399999999999996,marseille,0 days 12:45:00,0.0,0.0,0.0,0.0,0.0,0.0,0.0,0.0,0.0,0.0,0.0,0.0,0.0,0.0,0.0,0.0,0.0,0.0,0.0,0.0,0.0,0.0,0.0,0.0,0.0,0.0,0.0,0.0,0.0,0.0,0.0,0.0,0.0,0.0,0.0,0.0,0.0
40,2019-01-02 07:00:00+00:00,43.29999999999988,5.399999999999996,marseille,0 days 13:00:00,0.0,0.0,0.0,0.0,0.0,0.0,0.0,0.0,0.0,0.0,0.0,0.0,0.0,0.0,0.0,0.0,0.0,0.0,0.0,0.0,0.0,0.0,0.0,0.0,0.0,0.0,0.0,0.0,0.0,0.0,0.0,0.0,0.0,0.0,0.0,0.0,0.0
41,2019-01-02 07:15:00+00:00,43.29999999999988,5.399999999999996,marseille,0 days 13:15:00,2.0542,2.0542,1.010897752472327,0.9932095238912312,1.0337975439033984,1.6380411637723478,1.6198097588610607,0.9805418142621549,1.0007867331329579,1.6542013692523545,1.6391258332265801,1.6623802676346517,1.0302254381073852,0.9995462957876129,1.6171556565815726,1.6369480782873684,1.0040625661177611,1.0002958360446101,1.0167736254374136,1.0089499263460138,1.0034898480932029,1.025321887718289,1.0186004746878545,1.0288540530294012,1.6618227269943555,1.0397177936001014,1.032522729212121,1.0020917314192532,1.0448382350866674,1.027776230515438,1.0611325264802696,1.0336693920047026,1.6756444741412613,0.9998164646390485,1.0182549324356276,1.0417556855198657,1.0414228956938896
42,2019-01-02 07:30:00+00:00,43.29999999999988,5.399999999999996,marseille,0 days 13:30:00,9.2145,9.2145,2.6433316172050985,2.59707980415436,2.7032108112869055,4.283208650818927,4.235536520862943,2.5639558237139872,2.616892962023047,4.325464934386045,4.286044883321746,4.346851410550385,2.693870341226991,2.6136494220645368,4.228596479247944,4.280350411777751,2.625458727334362,2.615609346750138,2.6586960600968825,2.6382383717488596,2.6239611637495623,2.6810483622005696,2.663472970889045,2.690284394451333,4.345393533333063,2.7186912920445008,2.69987738021409,2.6203053182402076,2.732080405673833,2.68746606557294,2.774687301885961,2.702875715116399,4.381535132371221,2.614355869245013,2.6625694346430127,2.724020044760377,2.7231498540148387
43,2019-01-02 07:45:00+00:00,43.29999999999988,5.399999999999996,marseille,0 days 13:45:00,18.1971,18.1971,5.136473326329481,5.04659765485369,5.252829473700999,8.323052182645633,8.230416577512162,4.9822317459808065,5.085098218400262,8.40516381479938,8.32856349742096,8.44672162148822,5.23467924426862,5.078795431276871,8.216930816434349,8.317498105170177,5.101743055829963,5.082603920837423,5.1663292288480624,5.126576225541921,5.0988330178469345,5.209763810718287,5.175611633941125,5.227711098522957,8.443888701323722,5.2829108588637945,5.246352011819473,5.091729046169013,5.308928337931736,5.222234573740949,5.391721274121362,5.252178320992667,8.514118391091774,5.080168186430011,5.173855898944839,5.293265593021836,5.2915746543881115
44,2019-01-02 08:00:00+00:00,43.29999999999988,5.399999999999996,marseille,0 days 14:00:00,27.7916,27.7916,8.311148167499509,8.165723481176336,8.499419987397218,13.46724016675266,13.317349728131337,8.061575251137617,8.228019898939776,13.600102132102858,13.476157832782519,13.667345368261953,8.470051734803876,8.21782157913498,13.29552888893907,13.458253307890637,8.254952329289033,8.223983963132941,8.359456961051382,8.295134014237494,8.250243698422398,8.429736941610491,8.374476496670061,8.45877682144103,13.662761519045183,8.548093626543764,8.488939032464437,8.238749009860447,8.590191601115158,8.449915447884793,8.72415596074049,8.498366379932564,13.776397728237164,8.220042786323376,8.37163560316786,8.5648482603859,8.562112211615824
45,2019-01-02 08:15:00+00:00,43.29999999999988,5.399999999999996,marseille,0 days 14:15:00,37.443,37.443,11.6894253353808,11.484889093403615,11.954225016134494,18.94134182548921,18.7305246128202,11.338407171253507,11.572507471686782,19.128208909624036,18.95388430326978,19.2227848662247,11.912919291702469,11.558163785892482,18.699834139572374,18.92870202969324,11.610387272085372,11.566831027310917,11.757370464487652,11.666901822973973,11.603764698664936,11.856217527343578,11.778495071659641,11.897061403566955,19.216337795123547,12.022683291590312,11.939483810989177,11.587597702121206,12.081893056667953,11.884598099765007,12.270310631217527,11.95274314316789,19.37616432642518,11.561287859132408,11.77449942487168,12.046248271707643,12.04240008645487
46,2019-01-02 08:30:00+00:00,43.29999999999988,5.399999999999996,marseille,0 days 14:30:00,46.8729,46.8729,15.0737398827949,14.809986445845638,15.41520418871309,24.425226349181074,24.153373479137056,14.621095176286012,14.922972037976951,24.66619506561395,24.441400116678253,24.788152589449613,15.361939658773007,14.904475577935465,24.11379752075205,24.40892708822225,14.971818772665635,14.915652153249859,15.161356439903116,15.04469537825114,14.963278836250437,15.28882163779943,15.188597029110953,15.341490605548666,24.779838966666933,15.503482457955496,15.396195119785908,14.94243118175979,15.579834594326163,15.32541893442706,15.822802698114035,15.413293284883599,24.98593836762878,14.908504130754986,15.183444565356986,15.53386995523962,15.52890764598516
47,2019-01-02 08:45:00+00:00,43.29999999999988,5.399999999999996,marseille,0 days 14:45:00,55.9228,55.9228,18.360819427599584,18.039550169479927,18.77674570141638,29.751552963139527,29.420418055905913,17.809468018746195,18.17717414807938,30.045068913695005,29.771253689488045,30.193621302842942,18.71186595533279,18.15464422746829,29.372211901943373,29.731699377394033,18.236672725222167,18.168258040812702,18.467542231392162,18.32544128604755,18.226270513716475,18.622803334481034,18.50072308388368,18.686957646138328,30.183494756419236,18.884274514673326,18.753591389031225,18.20087668162384,18.977276503543614,18.667381279977175,19.273227841101672,18.77441809324285,30.434537557649744,18.159551273194765,18.49444703976129,18.92128851085667,18.915244087583247
48,2019-01-02 09:00:00+00:00,43.29999999999988,5.399999999999996,marseille,0 days 15:00:00,64.4334,64.4334,31.587326262435084,31.11720669421399,32.141950954351074,40.96398353940219,40.74348794431243,31.028396166348898,31.321850373062087,41.40537776107192,41.1003019016745,41.419682079670984,31.886464587731453,31.0602178664045,40.64101931180569,41.065784035160604,31.61732414684189,31.339792819835154,31.643470239253503,31.59195809551249,31.444449612259852,31.834601730505472,31.786103929850995,31.852601204168334,41.542953178344376,32.05567211791383,31.897122323112573,31.166507421320084,32.34457085590013,31.835327024039877,32.426665426414516,32.07748488220875,41.830309547953846,31.411297269792804,31.605312570039363,32.04487812555086,32.193686232398235
49,2019-01-02 09:15:00+00:00,43.29999999999988,5.399999999999996,marseille,0 days 15:15:00,72.3141,72.3141,45.62673321126945,45.00179915844822,46.32237595080393,52.471483897016824,52.3818910571244,45.074780652500976,45.27634308651817,53.067394213481975,52.735536535622586,52.92989709765561,45.8590209884802,44.752319256546436,52.22107169490582,52.70765750189702,45.829741165328,45.32407807390519,45.62427526450642,45.67635938648385,45.47843310682765,45.850552320711785,45.88638740468926,45.815998711668556,53.200189258560684,46.019918543195885,45.83434474404723,44.923388550078954,46.52172399480051,45.80180072654689,46.36035202037026,46.1896211110051,53.52051828562696,45.48405813153914,45.51380040663703,45.955506817102766,46.27482335818722
50,2019-01-02 09:30:00+00:00,43.29999999999988,5.399999999999996,marseille,0 days 15:30:00,79.5468,79.5468,60.35171079960733,59.56742231700359,61.18937299818726,64.16719397247815,64.22766531535675,59.821323780804,59.914105250398606,64.92284132528131,64.56896404189345,64.61730729739934,60.502737611723376,59.106726720249384,64.00493141351609,64.54927419894592,60.74508463459607,59.994304684071224,60.283128219444066,60.4509235919029,60.20096232794873,60.54348872945602,60.67368169287539,60.45043788181447,65.0469448684455,60.65026052659478,60.438766650769715,59.346717402311114,61.38008316451486,60.44006620394003,60.94773877191366,60.982783675009244,65.39657133398738,60.25024341749213,60.09371673375392,60.526889433206954,61.030862743681425
51,2019-01-02 09:45:00+00:00,43.29999999999988,5.399999999999996,marseille,0 days 15:45:00,86.0757,86.0757,75.6383717108599,74.69149883775428,76.61791979351432,75.95651584458827,76.18482030957244,75.14381181802017,75.11196454983144,76.87580089385668,76.50478971084945,76.3874980181737,75.69452424172633,74.0027348583811,75.89713624069583,76.49475804040213,76.23777497169367,75.22701481395748,75.49674555122566,75.79132183036594,75.48813758946623,75.78986891739723,76.02359077646578,75.63290320928417,76.98741235392107,75.82376778631061,75.58765117621823,74.31519875949809,76.79475171362678,75.6270696541987,76.06636774673576,76.33259397031054,77.36246832981611,75.58555576907239,75.22247354829645,75.63661945401321,76.33778503121887
52,2019-01-02 10:00:00+00:00,43.29999999999988,5.399999999999996,marseille,0 days 16:00:00,91.8535,91.8535,81.26362270415406,80.24633057889528,82.31602010522047,81.60542732347706,81.8507108678541,80.7322822267312,80.69806646655937,82.59307990921604,82.19447650048359,82.06846178540789,81.32395131751522,79.50634299209274,81.54163163858999,82.18369877135108,81.9076037859023,80.8216730572947,81.1114637596761,81.42794777518556,81.10221562092262,81.42638680859358,81.67749064046431,81.25774750828776,82.71299195088193,81.46280674772191,81.20913006639302,79.8420449380059,82.50600307435423,81.2514801097602,81.72344894831546,82.00947450514838,83.1159409651016,81.20687882311717,80.81679405618813,81.26174013137982,82.01505162699203
53,2019-01-02 10:15:00+00:00,43.29999999999988,5.399999999999996,marseille,0 days 16:15:00,96.8407,96.8407,86.18505793321175,85.10615721684059,87.3011899485155,86.54756270395569,86.80770095251938,85.62153875568673,85.58525084266353,87.59502887008628,87.17228549819588,87.03863916103005,86.2490401292368,84.32135497795178,86.47990346584989,87.16085505516658,86.8680393828626,85.71634321621221,86.02368403664512,86.35933475345993,86.01387581806318,86.35767925261364,86.62399027317714,86.17882692751381,87.72220294766201,86.39630483266102,86.12726514738597,84.67738748910563,87.5026785439812,86.17217996682938,86.67273187849645,86.97607953105886,88.14955510080294,86.12487756576341,85.71116873618001,86.18306134927651,86.98199441096703
54,2019-01-02 10:30:00+00:00,43.29999999999988,5.399999999999996,marseille,0 days 16:30:00,101.0047,101.0047,90.36935239704118,89.23807092694318,91.53967274991219,90.74945681605028,91.02222480646712,89.77847429870872,89.7404246033394,91.84777758488224,91.40450997372066,91.26437509153178,90.43644093603369,88.41516644919612,90.67851271416156,91.39252458136913,91.08549267453536,89.8778815266841,90.20014377925719,90.55209037693382,90.18985937053631,90.55035450133124,90.82959495253763,90.36281887530077,91.98112597853438,90.59085535772732,90.30875376482417,88.78848437966846,91.75094363983531,90.3558492039115,90.88070296839476,91.19877818433848,92.42922612780566,90.30625026583955,89.87245582505189,90.36725887872652,91.2049802323457
55,2019-01-02 10:45:00+00:00,43.29999999999988,5.399999999999996,marseille,0 days 16:45:00,104.3196,104.3196,93.78944243344668,92.615346841286,95.00405436163706,94.18393216453077,94.46702324636667,93.17620214878407,93.13671243663286,95.32381963511085,94.86377625760613,94.71833787482092,93.85906998414703,91.7612989799625,94.1103031345157,94.85133726987213,94.53268553023477,93.27937151138727,93.61382999962984,93.97909625734755,93.60315637041703,93.97729468634387,94.26710318368094,93.78266164610113,95.46221469005252,94.01932832538974,93.72655040448876,92.14874538320302,95.22332094309103,93.77542820272451,94.32014541740263,94.65025840774686,95.92727349638157,93.72395215887039,93.27374047036065,93.78726968449753,94.65669517650878
56,2019-01-02 11:00:00+00:00,43.29999999999988,5.399999999999996,marseille,0 days 17:00:00,106.7654,106.7654,96.4240440775828,95.21696743662577,97.67277518272927,96.82961526162305,97.12065854159866,95.7935775058211,95.75297850399014,98.00152285436401,97.52855658269016,97.37903274857415,96.49562750790875,94.3389288590635,96.75391794803039,97.51576817633628,97.18816531837075,95.89964495764721,96.24349858525896,96.61902539105289,96.23252512740504,96.61717321284007,96.91512260454392,96.41707281385715,98.14380550933645,96.66038760199666,96.3593853738415,94.73725886396011,97.89820109385845,96.4096361787212,96.969654826398,97.30904088847129,98.62192809623593,96.35671414194664,95.89385573730357,96.42181029481358,97.31565846992515
57,2019-01-02 11:15:00+00:00,43.29999999999988,5.399999999999996,marseille,0 days 17:15:00,108.3278,108.3278,98.25735490296412,97.02732810788214,99.52982813876851,98.67063721392583,98.96721410121836,97.61490126716555,97.57353035631266,99.86482629150464,99.38286750977592,99.23050077826476,98.33029934940375,96.13259537851627,98.59350066693669,99.36983595738899,99.03600438467,97.7229853799761,98.0733766983047,98.45604339710839,98.06219460204252,98.45415600342209,98.75777030837918,98.25025109456686,100.00981416729746,98.49819202797275,98.19146684296985,96.5384988337596,99.75954007385727,98.24267306665044,98.8133393516362,99.15917816258073,100.49702730129864,98.18874482292979,97.71708608915753,98.2550786492721,99.16592156414339
58,2019-01-02 11:30:00+00:00,43.29999999999988,5.399999999999996,marseille,0 days 17:30:00,108.9981,108.9981,99.27870999186098,98.03589744524032,100.56441019694574,99.69628824577644,99.99594795891326,98.62957824742665,98.58777729863539,100.90289055280455,100.41592195725738,100.26197142027169,99.35241267346427,97.13186424338318,99.61834988802327,100.40275494587748,100.06545329627755,98.7387858614627,99.09281939015239,99.47946379200499,99.0815210594268,99.47755677943978,99.78432706204086,99.27153234155271,101.04938553312829,99.52205054496886,99.21213704567737,97.54198694063666,100.79650991719436,99.26387554235872,99.84047372847093,100.1899074278576,101.54166309832937,99.2093867310733,98.73282524932418,99.27641007720948,100.1967209250127
59,2019-01-02 11:45:00+00:00,43.29999999999988,5.399999999999996,marseille,0 days 17:45:00,108.7728,108.7728,99.47833890351458,98.2330273184184,100.76662438526819,99.89675682076135,100.19701908748095,98.82790188966578,98.78601688782916,101.10578535497724,100.61783756650195,100.4635774668905,99.55218978593672,97.3271762931407,99.81866174512238,100.60464407899083,100.26666418567466,98.93732909758188,99.29207451432922,99.67949637794723,99.28075346500196,99.67758553077495,99.98497266484044,99.471146820439,101.25257490634733,99.7221687640458,99.41163209293252,97.73812366214608,100.99919080995475,99.4634746250086,100.0412322305811,100.39136856872193,101.74584233971433,99.40887624801573,98.93135649988761,99.47603436421134,100.3981957664078
60,2019-01-02 12:00:00+00:00,43.29999999999988,5.399999999999996,marseille,0 days 18:00:00,107.6358,107.6358,98.3771535449116,97.52965354728427,99.48724720378068,98.91458482018152,99.42136005355648,97.83545200552624,98.02001037578611,100.10517125082735,99.68724566986083,99.60121774465881,98.7282522752343,96.74129249700273,99.1590189406363,99.61663180187891,99.22498762487976,98.20621423695263,98.22271978220458,98.65041370318954,98.490403557478,98.74332477425995,98.83583527774452,98.2823224067661,100.19004042344575,98.87961538889698,98.59453088707554,96.76614366081907,99.73442935219816,98.61314394927558,99.02485654070549,99.29657266093301,100.79950575679494,98.39296219201171,97.97584436021079,98.76283369826491,99.1634159136718
61,2019-01-02 12:15:00+00:00,43.29999999999988,5.399999999999996,marseille,0 days 18:15:00,105.5943,105.5943,96.46664814349187,96.01648801941082,97.39259515108091,97.11627478984443,97.82132648901407,96.03617036843785,96.44127348345664,98.27872256601536,97.93300475435476,97.91462723870211,97.08671640424913,95.3500195391922,97.6749921710624,97.80666727498803,97.3656934880654,96.66012835561162,96.34473846047501,96.808322176323,96.88381919192612,96.9934532253076,96.87442518627333,96.28665840929277,98.30214191455687,97.21854280515969,96.96082905428423,94.99596584481195,97.65202631978659,96.94669250812515,97.19206764140037,97.38457315888468,99.02043307135771,96.5659600726205,96.21160731297728,97.22962003336048,97.11523984798293
62,2019-01-02 12:30:00+00:00,43.29999999999988,5.399999999999996,marseille,0 days 18:30:00,102.6788,102.6788,93.75974957737637,93.70318267881872,94.49709142019209,94.51380565129418,95.4072352922496,93.44207623788989,94.05998812331109,95.63861633918073,95.36670460286959,95.41483640496004,94.63826451154584,93.16202050630912,95.37594263532691,95.18680522889038,94.70125794472028,94.30897660133226,93.67079190247333,94.16557226393195,94.47139951434787,94.43955259995828,94.1140783638168,93.49779186277908,95.60156427830842,94.74979109589013,94.52114786266856,92.43939971350107,94.76629577512827,94.47501302894281,94.5551275358518,94.66828185843981,96.42038705873102,93.94010272314321,93.65036934192918,94.88617495774919,94.26771441932632
63,2019-01-02 12:45:00+00:00,43.29999999999988,5.399999999999996,marseille,0 days 18:45:00,98.9073,98.9073,90.27847399314774,90.60845223817259,90.82432892331029,91.12831192776909,92.19863409085777,90.07424178931612,90.89543665856014,92.20629452902213,92.0091700222343,92.12211174871264,91.402738151937,90.19496291123151,92.28045310811925,91.77832112863615,91.25333397038881,91.17178670896584,90.22262047713414,90.74363897464573,91.2726850370771,91.10235052849616,90.57725671890088,89.93842847617384,92.11025704119189,91.49337128780925,91.29525615407809,89.11721002057403,91.10074665630218,91.21814312754437,91.13545961906837,91.16978699619202,93.0204678426957,90.53672510470972,90.31292545501275,91.75145729488067,90.64403174314077
64,2019-01-02 13:00:00+00:00,43.29999999999988,5.399999999999996,marseille,0 days 19:00:00,94.3038,94.3038,86.52427073832477,86.84052693703339,87.04742645498895,87.33876841741113,88.3645815544757,86.32853146941386,87.11557719640284,88.37192343561736,88.18299629230117,88.29124137096974,87.6017827093829,86.44423243969426,88.44299815245245,87.9617471806819,87.45859145589877,87.3804353128755,86.47073987401691,86.97009197363028,87.4771378142847,87.31388661513776,86.81062867407101,86.19836591215063,88.27987963790447,87.6886468934925,87.4987703181572,85.41129757963739,87.31234943948778,87.42486401369572,87.34561887411223,87.37851875755742,89.15223959631761,86.77178255489532,86.55728954648455,87.9360004713932,86.87462687896235
65,2019-01-02 13:15:00+00:00,43.29999999999988,5.399999999999996,marseille,0 days 19:15:00,88.8987,88.8987,82.03829961339409,82.33815906973918,82.53433159450091,82.81056852778208,83.78319695640383,81.8527087190474,82.59894896596535,83.7901581875091,83.61102623463373,83.71365919668831,83.05994647807584,81.9624110116461,83.85754793682338,83.40124809084429,82.92417917423025,82.850075145115,81.98754413117877,82.46100662685875,82.9417639708777,82.78697675714474,82.30981092379243,81.72929177609043,83.70288652847184,83.14230706777914,82.96227490750782,80.98303009566305,82.7855192785037,82.89220037816486,82.81706381303025,82.84825795627225,84.53001777185978,82.27297883567935,82.06960651553352,83.37683625549842,82.37049105276425
66,2019-01-02 13:30:00+00:00,43.29999999999988,5.399999999999996,marseille,0 days 19:30:00,82.7289,82.7289,76.85116431411872,77.1320641920942,77.31583307815627,77.57460404305026,78.48573491164264,76.67730800086193,77.3763648085232,78.49225599652641,78.32445023739672,78.420593900394,77.80821427052521,76.7800740132472,78.55538481223863,78.12793599132084,77.68103129104499,77.61161272746295,76.80361801047817,77.2471443173805,77.69750423237791,77.55250393797427,77.10550844883257,76.56169449098874,78.41050236876663,77.88536734710193,77.71671829908365,75.86261760502057,77.55113861310704,77.65107445719337,77.58068864300206,77.60991043622823,79.1853355795292,77.07100518792944,76.88049173669843,78.10506767276456,77.16235188152427
67,2019-01-02 13:45:00+00:00,43.29999999999988,5.399999999999996,marseille,0 days 19:45:00,75.8392,75.8392,71.0000345018479,71.25954782485114,71.42932530795397,71.66839452179767,72.51015565428156,70.83941488925305,71.48524840271598,72.51618025073196,72.36115052809667,72.44997421022126,71.88421863271044,70.93435672247173,72.574502699502,72.17959806397965,71.76671883928852,71.70258551803852,70.95610817712605,71.36586622534287,71.78193759899662,71.64797702732125,71.23501392605304,70.73260371387093,72.44065100607575,71.95549759312385,71.79968878612831,70.08675165078039,71.64671565264274,71.73904279487184,71.67401586547363,71.70101283221813,73.15649162070146,71.20313760073759,71.02712905576382,72.15847084462017,71.28752953487087
68,2019-01-02 14:00:00+00:00,43.29999999999988,5.399999999999996,marseille,0 days 20:00:00,68.2828,68.2828,64.5294777923071,64.7653404835162,64.91964537086429,65.13692711775062,65.90197472210963,64.38349617699284,64.97047193914473,65.90745026962989,65.7665491121286,65.84727788730885,65.33308219387004,64.46978552827599,65.96045752785315,65.60154235144775,65.22629069209937,65.1680021326869,64.4895546737407,64.86196960365088,65.24012249687947,65.11837036259361,64.74304247072286,64.28641919078923,65.83880434924536,65.39786517778444,65.25625593743113,63.69942656952182,65.11722394273795,65.20113689173722,65.14203616275948,65.16657277289245,66.48940714639075,64.71407118020201,64.55410309604783,65.58234055187067,64.79077209278199
69,2019-01-02 14:15:00+00:00,43.29999999999988,5.399999999999996,marseille,0 days 20:15:00,60.123,60.123,57.49332610882968,57.70347085331741,57.840950676678816,58.03454050195896,58.716169005877134,57.36326200630943,57.886235228252986,58.72104751179377,58.59550990519161,58.667436193092826,58.209307261974175,57.44014255738113,58.76827497569752,58.44849511712034,58.11416006960554,58.062227165925435,57.45775611890342,57.78956374769031,58.12648368495317,58.01800713438394,57.68360416657258,57.27677008019421,58.65988659089788,58.26702645245767,58.1408579707932,56.75378183741583,58.01698571761639,58.09174898405868,58.03909246798827,58.06095366036487,59.23954909652031,57.65779184155936,57.515266323859024,58.43138703934363,57.72612945609887
70,2019-01-02 14:30:00+00:00,43.29999999999988,5.399999999999996,marseille,0 days 20:30:00,51.4379,51.4379,49.95789120659948,50.14049306655943,50.2599539244265,50.42817065643018,51.020460665493204,49.84487411881974,50.29930319944669,51.0246997639126,50.91561590118572,50.97811507994365,50.58003139182831,49.91167822403141,51.065737301020846,50.7878697907185,50.49735478557373,50.45222853305561,49.9269832420195,50.215302087742195,50.5080631908179,50.413804255414746,50.12323023203226,49.76971836549049,50.97155497583009,50.63018554421199,50.52055349285416,49.31527623275328,50.412916711917035,50.477881037065025,50.43212601332219,50.451121941098734,51.47524328806331,50.10080103177414,49.97695579982566,50.77300400461483,50.1601818911459
71,2019-01-02 14:45:00+00:00,43.29999999999988,5.399999999999996,marseille,0 days 20:45:00,42.3278,42.3278,42.00673174355585,42.160271197723176,42.26071899664095,42.40216281993675,42.900185593200085,41.91170214214276,42.2938055501394,42.903750008467355,42.81202763091205,42.86457961364926,42.52985382170195,41.96787389117416,42.938256124940395,42.70461323722824,42.4603357948893,42.42239171161563,41.98074300493033,42.22317382249224,42.469339880042405,42.39008293547805,42.145755868080506,41.84850797015437,42.85906359751942,42.572025578237756,42.47984226023422,41.46639358738516,42.38933665094284,42.44396143420496,42.405488653191505,42.421461241766735,43.28258627438434,42.12689643715359,42.02276206897811,42.69211344842746,42.176826403573024
72,2019-01-02 15:00:00+00:00,43.29999999999988,5.399999999999996,marseille,0 days 21:00:00,32.9226,32.9226,29.683681462852956,29.856892206760904,29.832332099473803,31.957756256598245,32.318349083448155,29.65115759711217,29.94496759355867,32.32808435424454,32.248651851844386,32.35702672334016,30.093559966362122,29.657135016596158,32.35663551285992,32.16080099238808,30.043293712911932,29.964528733953873,29.682842123713314,29.89753105448661,30.027047480270856,30.018105352586772,29.80345511515102,29.541994506252838,32.36238236902706,30.137805092716977,30.111417005516476,29.280978621825103,30.01930363969004,30.074448754641416,30.03643598675321,30.042830884905083,32.60798823136064,29.788303203742515,29.74925283738247,30.20861899566002,29.787453993030784
73,2019-01-02 15:15:00+00:00,43.29999999999988,5.399999999999996,marseille,0 days 21:15:00,23.4241,23.4241,18.842423319128724,19.015234855898637,18.906837683961903,22.223522995824368,22.46083931214129,18.855415206739217,19.06503717280642,22.47402903850754,22.40940790116418,22.547402625190827,19.141671682573506,18.82645834126293,22.496201040025205,22.342036876135143,19.10865469406118,19.008191059766965,18.85891446741013,19.037329633736984,19.076380002655206,19.11642127112682,18.939369881705925,18.723459516126283,22.559790979217173,19.183788868994554,19.204682057269448,18.566517740915696,19.118858181098823,19.1699344737572,19.135288403696883,19.134595697195206,22.6635581645654,18.9279790004538,18.936737990147858,19.215096418042982,18.892341962712273
74,2019-01-02 15:30:00+00:00,43.29999999999988,5.399999999999996,marseille,0 days 21:30:00,14.1988,14.1988,9.630612020840362,9.786311213273228,9.631440995111669,13.435355875300298,13.565677154285158,9.67330337083026,9.805222059307756,13.579931676579925,13.531684523744802,13.67638259734364,9.825433624815092,9.623401701056132,13.595603076755406,13.484811870114694,9.80736931351057,9.701933861443592,9.657286459041513,9.793636811110995,9.767335266754055,9.83679912023256,9.702581131446056,9.538700573753191,13.692348220018278,9.861998733348315,9.9130225202271,9.467857322305372,9.839841216646768,9.883171920184791,9.85419261506231,9.848745533465195,13.689506617804572,9.694859035225429,9.73529038692517,9.863378120509854,9.639027825488906
75,2019-01-02 15:45:00+00:00,43.29999999999988,5.399999999999996,marseille,0 days 21:45:00,5.9934,5.9934,2.259766507898556,2.390265730764343,2.2151992930346562,6.048797112034335,6.091964512683816,2.3200643061124127,2.385576414066752,6.105787776599339,6.0732416481679214,6.210635445197048,2.3638790428934082,2.259399048604239,6.115516596480197,6.044895320736771,2.3579822063614757,2.2578067966669346,2.291472719132763,2.386451378581092,2.315759864860592,2.400397200599462,2.307920733248498,2.194814296961417,6.227817947872985,2.393433033501708,2.4616748185934285,2.1912621904496907,2.403616680119789,2.437807667299907,2.4152877950808125,2.406906397617184,6.149217351248944,2.303458758248109,2.3630916608361887,2.3733628899113897,2.2378941868251805
76,2019-01-02 16:00:00+00:00,43.29999999999988,5.399999999999996,marseille,0 days 22:00:00,0.6303,0.6303,1.063448674264639,1.1248617561313288,1.0424752925470913,2.8465707617158142,2.8668853892809567,1.0918248862969293,1.1226549583901348,2.8733906329128036,2.858074388065446,2.9227320643307175,1.1124441509776568,1.063275747505161,2.8779690265513924,2.8447345743185104,1.1096690930367945,1.062526431942731,1.078369653129098,1.1230667176801106,1.089799211375782,1.1296296372937649,1.0861101071735875,1.0328820903409326,2.9308181695222966,1.1263522923815459,1.1584669536226888,1.0312104649993168,1.1311447279970506,1.1472350452317763,1.136637167896975,1.1326928727717795,2.8938286398589073,1.0840102966922034,1.1120736080910518,1.1169072601099272,1.0531555352313453
77,2019-01-02 16:15:00+00:00,43.29999999999988,5.399999999999996,marseille,0 days 22:15:00,0.0,0.0,0.0,0.0,0.0,0.0,0.0,0.0,0.0,0.0,0.0,0.0,0.0,0.0,0.0,0.0,0.0,0.0,0.0,0.0,0.0,0.0,0.0,0.0,0.0,0.0,0.0,0.0,0.0,0.0,0.0,0.0,0.0,0.0,0.0,0.0,0.0
78,2019-01-02 16:30:00+00:00,43.29999999999988,5.399999999999996,marseille,0 days 22:30:00,0.0,0.0,0.0,0.0,0.0,0.0,0.0,0.0,0.0,0.0,0.0,0.0,0.0,0.0,0.0,0.0,0.0,0.0,0.0,0.0,0.0,0.0,0.0,0.0,0.0,0.0,0.0,0.0,0.0,0.0,0.0,0.0,0.0,0.0,0.0,0.0,0.0
79,2019-01-02 16:45:00+00:00,43.29999999999988,5.399999999999996,marseille,0 days 22:45:00,0.0,0.0,0.0,0.0,0.0,0.0,0.0,0.0,0.0,0.0,0.0,0.0,0.0,0.0,0.0,0.0,0.0,0.0,0.0,0.0,0.0,0.0,0.0,0.0,0.0,0.0,0.0,0.0,0.0,0.0,0.0,0.0,0.0,0.0,0.0,0.0,0.0
80,2019-01-02 17:00:00+00:00,43.29999999999988,5.399999999999996,marseille,0 days 23:00:00,0.0,0.0,0.0,0.0,0.0,0.0,0.0,0.0,0.0,0.0,0.0,0.0,0.0,0.0,0.0,0.0,0.0,0.0,0.0,0.0,0.0,0.0,0.0,0.0,0.0,0.0,0.0,0.0,0.0,0.0,0.0,0.0,0.0,0.0,0.0,0.0,0.0
81,2019-01-02 17:15:00+00:00,43.29999999999988,5.399999999999996,marseille,0 days 23:15:00,0.0,0.0,0.0,0.0,0.0,0.0,0.0,0.0,0.0,0.0,0.0,0.0,0.0,0.0,0.0,0.0,0.0,0.0,0.0,0.0,0.0,0.0,0.0,0.0,0.0,0.0,0.0,0.0,0.0,0.0,0.0,0.0,0.0,0.0,0.0,0.0,0.0
82,2019-01-02 17:30:00+00:00,43.29999999999988,5.399999999999996,marseille,0 days 23:30:00,0.0,0.0,0.0,0.0,0.0,0.0,0.0,0.0,0.0,0.0,0.0,0.0,0.0,0.0,0.0,0.0,0.0,0.0,0.0,0.0,0.0,0.0,0.0,0.0,0.0,0.0,0.0,0.0,0.0,0.0,0.0,0.0,0.0,0.0,0.0,0.0,0.0
83,2019-01-02 17:45:00+00:00,43.29999999999988,5.399999999999996,marseille,0 days 23:45:00,0.0,0.0,0.0,0.0,0.0,0.0,0.0,0.0,0.0,0.0,0.0,0.0,0.0,0.0,0.0,0.0,0.0,0.0,0.0,0.0,0.0,0.0,0.0,0.0,0.0,0.0,0.0,0.0,0.0,0.0,0.0,0.0,0.0,0.0,0.0,0.0,0.0
84,2019-01-02 18:00:00+00:00,43.29999999999988,5.399999999999996,marseille,1 days 00:00:00,0.0,0.0,0.0,0.0,0.0,0.0,0.0,0.0,0.0,0.0,0.0,0.0,0.0,0.0,0.0,0.0,0.0,0.0,0.0,0.0,0.0,0.0,0.0,0.0,0.0,0.0,0.0,0.0,0.0,0.0,0.0,0.0,0.0,0.0,0.0,0.0,0.0
85,2019-01-02 18:15:00+00:00,43.29999999999988,5.399999999999996,marseille,1 days 00:15:00,0.0,0.0,0.0,0.0,0.0,0.0,0.0,0.0,0.0,0.0,0.0,0.0,0.0,0.0,0.0,0.0,0.0,0.0,0.0,0.0,0.0,0.0,0.0,0.0,0.0,0.0,0.0,0.0,0.0,0.0,0.0,0.0,0.0,0.0,0.0,0.0,0.0
86,2019-01-02 18:30:00+00:00,43.29999999999988,5.399999999999996,marseille,1 days 00:30:00,0.0,0.0,0.0,0.0,0.0,0.0,0.0,0.0,0.0,0.0,0.0,0.0,0.0,0.0,0.0,0.0,0.0,0.0,0.0,0.0,0.0,0.0,0.0,0.0,0.0,0.0,0.0,0.0,0.0,0.0,0.0,0.0,0.0,0.0,0.0,0.0,0.0
87,2019-01-02 18:45:00+00:00,43.29999999999988,5.399999999999996,marseille,1 days 00:45:00,0.0,0.0,0.0,0.0,0.0,0.0,0.0,0.0,0.0,0.0,0.0,0.0,0.0,0.0,0.0,0.0,0.0,0.0,0.0,0.0,0.0,0.0,0.0,0.0,0.0,0.0,0.0,0.0,0.0,0.0,0.0,0.0,0.0,0.0,0.0,0.0,0.0
88,2019-01-02 19:00:00+00:00,43.29999999999988,5.399999999999996,marseille,1 days 01:00:00,0.0,0.0,0.0,0.0,0.0,0.0,0.0,0.0,0.0,0.0,0.0,0.0,0.0,0.0,0.0,0.0,0.0,0.0,0.0,0.0,0.0,0.0,0.0,0.0,0.0,0.0,0.0,0.0,0.0,0.0,0.0,0.0,0.0,0.0,0.0,0.0,0.0
89,2019-01-02 19:15:00+00:00,43.29999999999988,5.399999999999996,marseille,1 days 01:15:00,0.0,0.0,0.0,0.0,0.0,0.0,0.0,0.0,0.0,0.0,0.0,0.0,0.0,0.0,0.0,0.0,0.0,0.0,0.0,0.0,0.0,0.0,0.0,0.0,0.0,0.0,0.0,0.0,0.0,0.0,0.0,0.0,0.0,0.0,0.0,0.0,0.0
90,2019-01-02 19:30:00+00:00,43.29999999999988,5.399999999999996,marseille,1 days 01:30:00,0.0,0.0,0.0,0.0,0.0,0.0,0.0,0.0,0.0,0.0,0.0,0.0,0.0,0.0,0.0,0.0,0.0,0.0,0.0,0.0,0.0,0.0,0.0,0.0,0.0,0.0,0.0,0.0,0.0,0.0,0.0,0.0,0.0,0.0,0.0,0.0,0.0
91,2019-01-02 19:45:00+00:00,43.29999999999988,5.399999999999996,marseille,1 days 01:45:00,0.0,0.0,0.0,0.0,0.0,0.0,0.0,0.0,0.0,0.0,0.0,0.0,0.0,0.0,0.0,0.0,0.0,0.0,0.0,0.0,0.0,0.0,0.0,0.0,0.0,0.0,0.0,0.0,0.0,0.0,0.0,0.0,0.0,0.0,0.0,0.0,0.0
92,2019-01-02 20:00:00+00:00,43.29999999999988,5.399999999999996,marseille,1 days 02:00:00,0.0,0.0,0.0,0.0,0.0,0.0,0.0,0.0,0.0,0.0,0.0,0.0,0.0,0.0,0.0,0.0,0.0,0.0,0.0,0.0,0.0,0.0,0.0,0.0,0.0,0.0,0.0,0.0,0.0,0.0,0.0,0.0,0.0,0.0,0.0,0.0,0.0
93,2019-01-02 20:15:00+00:00,43.29999999999988,5.399999999999996,marseille,1 days 02:15:00,0.0,0.0,0.0,0.0,0.0,0.0,0.0,0.0,0.0,0.0,0.0,0.0,0.0,0.0,0.0,0.0,0.0,0.0,0.0,0.0,0.0,0.0,0.0,0.0,0.0,0.0,0.0,0.0,0.0,0.0,0.0,0.0,0.0,0.0,0.0,0.0,0.0
94,2019-01-02 20:30:00+00:00,43.29999999999988,5.399999999999996,marseille,1 days 02:30:00,0.0,0.0,0.0,0.0,0.0,0.0,0.0,0.0,0.0,0.0,0.0,0.0,0.0,0.0,0.0,0.0,0.0,0.0,0.0,0.0,0.0,0.0,0.0,0.0,0.0,0.0,0.0,0.0,0.0,0.0,0.0,0.0,0.0,0.0,0.0,0.0,0.0
95,2019-01-02 20:45:00+00:00,43.29999999999988,5.399999999999996,marseille,1 days 02:45:00,0.0,0.0,0.0,0.0,0.0,0.0,0.0,0.0,0.0,0.0,0.0,0.0,0.0,0.0,0.0,0.0,0.0,0.0,0.0,0.0,0.0,0.0,0.0,0.0,0.0,0.0,0.0,0.0,0.0,0.0,0.0,0.0,0.0,0.0,0.0,0.0,0.0
96,2019-01-02 21:00:00+00:00,43.29999999999988,5.399999999999996,marseille,1 days 03:00:00,0.0,0.0,0.0,0.0,0.0,0.0,0.0,0.0,0.0,0.0,0.0,0.0,0.0,0.0,0.0,0.0,0.0,0.0,0.0,0.0,0.0,0.0,0.0,0.0,0.0,0.0,0.0,0.0,0.0,0.0,0.0,0.0,0.0,0.0,0.0,0.0,0.0
97,2019-01-02 21:15:00+00:00,43.29999999999988,5.399999999999996,marseille,1 days 03:15:00,0.0,0.0,0.0,0.0,0.0,0.0,0.0,0.0,0.0,0.0,0.0,0.0,0.0,0.0,0.0,0.0,0.0,0.0,0.0,0.0,0.0,0.0,0.0,0.0,0.0,0.0,0.0,0.0,0.0,0.0,0.0,0.0,0.0,0.0,0.0,0.0,0.0
98,2019-01-02 21:30:00+00:00,43.29999999999988,5.399999999999996,marseille,1 days 03:30:00,0.0,0.0,0.0,0.0,0.0,0.0,0.0,0.0,0.0,0.0,0.0,0.0,0.0,0.0,0.0,0.0,0.0,0.0,0.0,0.0,0.0,0.0,0.0,0.0,0.0,0.0,0.0,0.0,0.0,0.0,0.0,0.0,0.0,0.0,0.0,0.0,0.0
99,2019-01-02 21:45:00+00:00,43.29999999999988,5.399999999999996,marseille,1 days 03:45:00,0.0,0.0,0.0,0.0,0.0,0.0,0.0,0.0,0.0,0.0,0.0,0.0,0.0,0.0,0.0,0.0,0.0,0.0,0.0,0.0,0.0,0.0,0.0,0.0,0.0,0.0,0.0,0.0,0.0,0.0,0.0,0.0,0.0,0.0,0.0,0.0,0.0
100,2019-01-02 22:00:00+00:00,43.29999999999988,5.399999999999996,marseille,1 days 04:00:00,0.0,0.0,0.0,0.0,0.0,0.0,0.0,0.0,0.0,0.0,0.0,0.0,0.0,0.0,0.0,0.0,0.0,0.0,0.0,0.0,0.0,0.0,0.0,0.0,0.0,0.0,0.0,0.0,0.0,0.0,0.0,0.0,0.0,0.0,0.0,0.0,0.0
101,2019-01-02 22:15:00+00:00,43.29999999999988,5.399999999999996,marseille,1 days 04:15:00,0.0,0.0,0.0,0.0,0.0,0.0,0.0,0.0,0.0,0.0,0.0,0.0,0.0,0.0,0.0,0.0,0.0,0.0,0.0,0.0,0.0,0.0,0.0,0.0,0.0,0.0,0.0,0.0,0.0,0.0,0.0,0.0,0.0,0.0,0.0,0.0,0.0
102,2019-01-02 22:30:00+00:00,43.29999999999988,5.399999999999996,marseille,1 days 04:30:00,0.0,0.0,0.0,0.0,0.0,0.0,0.0,0.0,0.0,0.0,0.0,0.0,0.0,0.0,0.0,0.0,0.0,0.0,0.0,0.0,0.0,0.0,0.0,0.0,0.0,0.0,0.0,0.0,0.0,0.0,0.0,0.0,0.0,0.0,0.0,0.0,0.0
103,2019-01-02 22:45:00+00:00,43.29999999999988,5.399999999999996,marseille,1 days 04:45:00,0.0,0.0,0.0,0.0,0.0,0.0,0.0,0.0,0.0,0.0,0.0,0.0,0.0,0.0,0.0,0.0,0.0,0.0,0.0,0.0,0.0,0.0,0.0,0.0,0.0,0.0,0.0,0.0,0.0,0.0,0.0,0.0,0.0,0.0,0.0,0.0,0.0
104,2019-01-02 23:00:00+00:00,43.29999999999988,5.399999999999996,marseille,1 days 05:00:00,0.0,0.0,0.0,0.0,0.0,0.0,0.0,0.0,0.0,0.0,0.0,0.0,0.0,0.0,0.0,0.0,0.0,0.0,0.0,0.0,0.0,0.0,0.0,0.0,0.0,0.0,0.0,0.0,0.0,0.0,0.0,0.0,0.0,0.0,0.0,0.0,0.0
105,2019-01-02 23:15:00+00:00,43.29999999999988,5.399999999999996,marseille,1 days 05:15:00,0.0,0.0,0.0,0.0,0.0,0.0,0.0,0.0,0.0,0.0,0.0,0.0,0.0,0.0,0.0,0.0,0.0,0.0,0.0,0.0,0.0,0.0,0.0,0.0,0.0,0.0,0.0,0.0,0.0,0.0,0.0,0.0,0.0,0.0,0.0,0.0,0.0
106,2019-01-02 23:30:00+00:00,43.29999999999988,5.399999999999996,marseille,1 days 05:30:00,0.0,0.0,0.0,0.0,0.0,0.0,0.0,0.0,0.0,0.0,0.0,0.0,0.0,0.0,0.0,0.0,0.0,0.0,0.0,0.0,0.0,0.0,0.0,0.0,0.0,0.0,0.0,0.0,0.0,0.0,0.0,0.0,0.0,0.0,0.0,0.0,0.0
107,2019-01-02 23:45:00+00:00,43.29999999999988,5.399999999999996,marseille,1 days 05:45:00,0.0,0.0,0.0,0.0,0.0,0.0,0.0,0.0,0.0,0.0,0.0,0.0,0.0,0.0,0.0,0.0,0.0,0.0,0.0,0.0,0.0,0.0,0.0,0.0,0.0,0.0,0.0,0.0,0.0,0.0,0.0,0.0,0.0,0.0,0.0,0.0,0.0
108,2019-01-03 00:00:00+00:00,43.29999999999988,5.399999999999996,marseille,1 days 06:00:00,0.0,0.0,0.0,0.0,0.0,0.0,0.0,0.0,0.0,0.0,0.0,0.0,0.0,0.0,0.0,0.0,0.0,0.0,0.0,0.0,0.0,0.0,0.0,0.0,0.0,0.0,0.0,0.0,0.0,0.0,0.0,0.0,0.0,0.0,0.0,0.0,0.0
109,2019-01-03 00:15:00+00:00,43.29999999999988,5.399999999999996,marseille,1 days 06:15:00,0.0,0.0,0.0,0.0,0.0,0.0,0.0,0.0,0.0,0.0,0.0,0.0,0.0,0.0,0.0,0.0,0.0,0.0,0.0,0.0,0.0,0.0,0.0,0.0,0.0,0.0,0.0,0.0,0.0,0.0,0.0,0.0,0.0,0.0,0.0,0.0,0.0
110,2019-01-03 00:30:00+00:00,43.29999999999988,5.399999999999996,marseille,1 days 06:30:00,0.0,0.0,0.0,0.0,0.0,0.0,0.0,0.0,0.0,0.0,0.0,0.0,0.0,0.0,0.0,0.0,0.0,0.0,0.0,0.0,0.0,0.0,0.0,0.0,0.0,0.0,0.0,0.0,0.0,0.0,0.0,0.0,0.0,0.0,0.0,0.0,0.0
111,2019-01-03 00:45:00+00:00,43.29999999999988,5.399999999999996,marseille,1 days 06:45:00,0.0,0.0,0.0,0.0,0.0,0.0,0.0,0.0,0.0,0.0,0.0,0.0,0.0,0.0,0.0,0.0,0.0,0.0,0.0,0.0,0.0,0.0,0.0,0.0,0.0,0.0,0.0,0.0,0.0,0.0,0.0,0.0,0.0,0.0,0.0,0.0,0.0
112,2019-01-03 01:00:00+00:00,43.29999999999988,5.399999999999996,marseille,1 days 07:00:00,0.0,0.0,0.0,0.0,0.0,0.0,0.0,0.0,0.0,0.0,0.0,0.0,0.0,0.0,0.0,0.0,0.0,0.0,0.0,0.0,0.0,0.0,0.0,0.0,0.0,0.0,0.0,0.0,0.0,0.0,0.0,0.0,0.0,0.0,0.0,0.0,0.0
113,2019-01-03 01:15:00+00:00,43.29999999999988,5.399999999999996,marseille,1 days 07:15:00,0.0,0.0,0.0,0.0,0.0,0.0,0.0,0.0,0.0,0.0,0.0,0.0,0.0,0.0,0.0,0.0,0.0,0.0,0.0,0.0,0.0,0.0,0.0,0.0,0.0,0.0,0.0,0.0,0.0,0.0,0.0,0.0,0.0,0.0,0.0,0.0,0.0
114,2019-01-03 01:30:00+00:00,43.29999999999988,5.399999999999996,marseille,1 days 07:30:00,0.0,0.0,0.0,0.0,0.0,0.0,0.0,0.0,0.0,0.0,0.0,0.0,0.0,0.0,0.0,0.0,0.0,0.0,0.0,0.0,0.0,0.0,0.0,0.0,0.0,0.0,0.0,0.0,0.0,0.0,0.0,0.0,0.0,0.0,0.0,0.0,0.0
115,2019-01-03 01:45:00+00:00,43.29999999999988,5.399999999999996,marseille,1 days 07:45:00,0.0,0.0,0.0,0.0,0.0,0.0,0.0,0.0,0.0,0.0,0.0,0.0,0.0,0.0,0.0,0.0,0.0,0.0,0.0,0.0,0.0,0.0,0.0,0.0,0.0,0.0,0.0,0.0,0.0,0.0,0.0,0.0,0.0,0.0,0.0,0.0,0.0
116,2019-01-03 02:00:00+00:00,43.29999999999988,5.399999999999996,marseille,1 days 08:00:00,0.0,0.0,0.0,0.0,0.0,0.0,0.0,0.0,0.0,0.0,0.0,0.0,0.0,0.0,0.0,0.0,0.0,0.0,0.0,0.0,0.0,0.0,0.0,0.0,0.0,0.0,0.0,0.0,0.0,0.0,0.0,0.0,0.0,0.0,0.0,0.0,0.0
117,2019-01-03 02:15:00+00:00,43.29999999999988,5.399999999999996,marseille,1 days 08:15:00,0.0,0.0,0.0,0.0,0.0,0.0,0.0,0.0,0.0,0.0,0.0,0.0,0.0,0.0,0.0,0.0,0.0,0.0,0.0,0.0,0.0,0.0,0.0,0.0,0.0,0.0,0.0,0.0,0.0,0.0,0.0,0.0,0.0,0.0,0.0,0.0,0.0
118,2019-01-03 02:30:00+00:00,43.29999999999988,5.399999999999996,marseille,1 days 08:30:00,0.0,0.0,0.0,0.0,0.0,0.0,0.0,0.0,0.0,0.0,0.0,0.0,0.0,0.0,0.0,0.0,0.0,0.0,0.0,0.0,0.0,0.0,0.0,0.0,0.0,0.0,0.0,0.0,0.0,0.0,0.0,0.0,0.0,0.0,0.0,0.0,0.0
119,2019-01-03 02:45:00+00:00,43.29999999999988,5.399999999999996,marseille,1 days 08:45:00,0.0,0.0,0.0,0.0,0.0,0.0,0.0,0.0,0.0,0.0,0.0,0.0,0.0,0.0,0.0,0.0,0.0,0.0,0.0,0.0,0.0,0.0,0.0,0.0,0.0,0.0,0.0,0.0,0.0,0.0,0.0,0.0,0.0,0.0,0.0,0.0,0.0
120,2019-01-03 03:00:00+00:00,43.29999999999988,5.399999999999996,marseille,1 days 09:00:00,0.0,0.0,0.0,0.0,0.0,0.0,0.0,0.0,0.0,0.0,0.0,0.0,0.0,0.0,0.0,0.0,0.0,0.0,0.0,0.0,0.0,0.0,0.0,0.0,0.0,0.0,0.0,0.0,0.0,0.0,0.0,0.0,0.0,0.0,0.0,0.0,0.0
121,2019-01-03 03:15:00+00:00,43.29999999999988,5.399999999999996,marseille,1 days 09:15:00,0.0,0.0,0.0,0.0,0.0,0.0,0.0,0.0,0.0,0.0,0.0,0.0,0.0,0.0,0.0,0.0,0.0,0.0,0.0,0.0,0.0,0.0,0.0,0.0,0.0,0.0,0.0,0.0,0.0,0.0,0.0,0.0,0.0,0.0,0.0,0.0,0.0
122,2019-01-03 03:30:00+00:00,43.29999999999988,5.399999999999996,marseille,1 days 09:30:00,0.0,0.0,0.0,0.0,0.0,0.0,0.0,0.0,0.0,0.0,0.0,0.0,0.0,0.0,0.0,0.0,0.0,0.0,0.0,0.0,0.0,0.0,0.0,0.0,0.0,0.0,0.0,0.0,0.0,0.0,0.0,0.0,0.0,0.0,0.0,0.0,0.0
123,2019-01-03 03:45:00+00:00,43.29999999999988,5.399999999999996,marseille,1 days 09:45:00,0.0,0.0,0.0,0.0,0.0,0.0,0.0,0.0,0.0,0.0,0.0,0.0,0.0,0.0,0.0,0.0,0.0,0.0,0.0,0.0,0.0,0.0,0.0,0.0,0.0,0.0,0.0,0.0,0.0,0.0,0.0,0.0,0.0,0.0,0.0,0.0,0.0
124,2019-01-03 04:00:00+00:00,43.29999999999988,5.399999999999996,marseille,1 days 10:00:00,0.0,0.0,0.0,0.0,0.0,0.0,0.0,0.0,0.0,0.0,0.0,0.0,0.0,0.0,0.0,0.0,0.0,0.0,0.0,0.0,0.0,0.0,0.0,0.0,0.0,0.0,0.0,0.0,0.0,0.0,0.0,0.0,0.0,0.0,0.0,0.0,0.0
125,2019-01-03 04:15:00+00:00,43.29999999999988,5.399999999999996,marseille,1 days 10:15:00,0.0,0.0,0.0,0.0,0.0,0.0,0.0,0.0,0.0,0.0,0.0,0.0,0.0,0.0,0.0,0.0,0.0,0.0,0.0,0.0,0.0,0.0,0.0,0.0,0.0,0.0,0.0,0.0,0.0,0.0,0.0,0.0,0.0,0.0,0.0,0.0,0.0
126,2019-01-03 04:30:00+00:00,43.29999999999988,5.399999999999996,marseille,1 days 10:30:00,0.0,0.0,0.0,0.0,0.0,0.0,0.0,0.0,0.0,0.0,0.0,0.0,0.0,0.0,0.0,0.0,0.0,0.0,0.0,0.0,0.0,0.0,0.0,0.0,0.0,0.0,0.0,0.0,0.0,0.0,0.0,0.0,0.0,0.0,0.0,0.0,0.0
127,2019-01-03 04:45:00+00:00,43.29999999999988,5.399999999999996,marseille,1 days 10:45:00,0.0,0.0,0.0,0.0,0.0,0.0,0.0,0.0,0.0,0.0,0.0,0.0,0.0,0.0,0.0,0.0,0.0,0.0,0.0,0.0,0.0,0.0,0.0,0.0,0.0,0.0,0.0,0.0,0.0,0.0,0.0,0.0,0.0,0.0,0.0,0.0,0.0
128,2019-01-03 05:00:00+00:00,43.29999999999988,5.399999999999996,marseille,1 days 11:00:00,0.0,0.0,0.0,0.0,0.0,0.0,0.0,0.0,0.0,0.0,0.0,0.0,0.0,0.0,0.0,0.0,0.0,0.0,0.0,0.0,0.0,0.0,0.0,0.0,0.0,0.0,0.0,0.0,0.0,0.0,0.0,0.0,0.0,0.0,0.0,0.0,0.0
129,2019-01-03 05:15:00+00:00,43.29999999999988,5.399999999999996,marseille,1 days 11:15:00,0.0,0.0,0.0,0.0,0.0,0.0,0.0,0.0,0.0,0.0,0.0,0.0,0.0,0.0,0.0,0.0,0.0,0.0,0.0,0.0,0.0,0.0,0.0,0.0,0.0,0.0,0.0,0.0,0.0,0.0,0.0,0.0,0.0,0.0,0.0,0.0,0.0
130,2019-01-03 05:30:00+00:00,43.29999999999988,5.399999999999996,marseille,1 days 11:30:00,0.0,0.0,0.0,0.0,0.0,0.0,0.0,0.0,0.0,0.0,0.0,0.0,0.0,0.0,0.0,0.0,0.0,0.0,0.0,0.0,0.0,0.0,0.0,0.0,0.0,0.0,0.0,0.0,0.0,0.0,0.0,0.0,0.0,0.0,0.0,0.0,0.0
131,2019-01-03 05:45:00+00:00,43.29999999999988,5.399999999999996,marseille,1 days 11:45:00,0.0,0.0,0.0,0.0,0.0,0.0,0.0,0.0,0.0,0.0,0.0,0.0,0.0,0.0,0.0,0.0,0.0,0.0,0.0,0.0,0.0,0.0,0.0,0.0,0.0,0.0,0.0,0.0,0.0,0.0,0.0,0.0,0.0,0.0,0.0,0.0,0.0
132,2019-01-03 06:00:00+00:00,43.29999999999988,5.399999999999996,marseille,1 days 12:00:00,0.0,0.0,0.0,0.0,0.0,0.0,0.0,0.0,0.0,0.0,0.0,0.0,0.0,0.0,0.0,0.0,0.0,0.0,0.0,0.0,0.0,0.0,0.0,0.0,0.0,0.0,0.0,0.0,0.0,0.0,0.0,0.0,0.0,0.0,0.0,0.0,0.0
133,2019-01-03 06:15:00+00:00,43.29999999999988,5.399999999999996,marseille,1 days 12:15:00,0.0,0.0,0.0,0.0,0.0,0.0,0.0,0.0,0.0,0.0,0.0,0.0,0.0,0.0,0.0,0.0,0.0,0.0,0.0,0.0,0.0,0.0,0.0,0.0,0.0,0.0,0.0,0.0,0.0,0.0,0.0,0.0,0.0,0.0,0.0,0.0,0.0
134,2019-01-03 06:30:00+00:00,43.29999999999988,5.399999999999996,marseille,1 days 12:30:00,0.0,0.0,0.0,0.0,0.0,0.0,0.0,0.0,0.0,0.0,0.0,0.0,0.0,0.0,0.0,0.0,0.0,0.0,0.0,0.0,0.0,0.0,0.0,0.0,0.0,0.0,0.0,0.0,0.0,0.0,0.0,0.0,0.0,0.0,0.0,0.0,0.0
135,2019-01-03 06:45:00+00:00,43.29999999999988,5.399999999999996,marseille,1 days 12:45:00,0.0,0.0,0.0,0.0,0.0,0.0,0.0,0.0,0.0,0.0,0.0,0.0,0.0,0.0,0.0,0.0,0.0,0.0,0.0,0.0,0.0,0.0,0.0,0.0,0.0,0.0,0.0,0.0,0.0,0.0,0.0,0.0,0.0,0.0,0.0,0.0,0.0
136,2019-01-03 07:00:00+00:00,43.29999999999988,5.399999999999996,marseille,1 days 13:00:00,0.0,0.0,0.0,0.0,0.0,0.0,0.0,0.0,0.0,0.0,0.0,0.0,0.0,0.0,0.0,0.0,0.0,0.0,0.0,0.0,0.0,0.0,0.0,0.0,0.0,0.0,0.0,0.0,0.0,0.0,0.0,0.0,0.0,0.0,0.0,0.0,0.0
137,2019-01-03 07:15:00+00:00,43.29999999999988,5.399999999999996,marseille,1 days 13:15:00,1.8256,1.8256,0.8783520088844206,0.911645301242356,0.9031416881747003,1.486780052315575,1.4965093466370716,0.938636715485453,0.9080229935441433,1.5047032479966342,1.4786927034620745,1.4974886473906464,0.8965233723100821,0.8746897269425715,1.4933750521452516,1.4745225576228749,0.928364426318703,0.9036795805055786,0.9189248292973097,0.8878981311257033,0.8721399704945927,0.8928977220556575,0.9116153546673513,0.8713988643893413,1.482220123493237,0.9290389405184349,0.8955424343861191,0.8909874852903807,0.9042991130664569,0.9159820428115943,0.8878431767730263,0.9075367539389971,1.4898443714164038,0.868364450934261,0.8868655677621817,0.8949894800876739,0.8931091898973985
138,2019-01-03 07:30:00+00:00,43.29999999999988,5.399999999999996,marseille,1 days 13:30:00,8.3875,8.3875,2.3313812419776054,2.419750547793346,2.397179683499254,3.9463120592363046,3.972136209519316,2.491392982972291,2.410135973983678,3.9938850160741817,3.924846071541545,3.97473553573938,2.3796129024090034,2.32166056582989,3.963816953331426,3.9137773887270444,2.4641275790871817,2.3986073936629797,2.4390723629495707,2.3567192045505188,2.3148928300083784,2.369989456560827,2.4196710615708215,2.3129257361159277,3.93420878809487,2.465917920245164,2.3770092307006916,2.364919177086014,2.4002517988406495,2.431261420249439,2.356573340995013,2.4088453639741623,3.954445582014011,2.304871590923542,2.353978505112801,2.375541542045088,2.3705507487927964
139,2019-01-03 07:45:00+00:00,43.29999999999988,5.399999999999996,marseille,1 days 13:45:00,16.8952,16.8952,4.5789960607679845,4.752559567215284,4.708228808766222,7.750833303641131,7.80155374364874,4.893270328098793,4.73367587080058,7.844269923116954,7.708672600224207,7.806659002414667,4.673726420240355,4.559903971929424,7.785214141773695,7.686932931870997,4.839719165064102,4.711032931531692,4.7905089655780255,4.628761594057962,4.5466116647301416,4.654825298520582,4.752403450706634,4.542748154540339,7.727061631346118,4.843235520502768,4.66861262663113,4.644866914484483,4.714262658482943,4.775167726997738,4.628475107817938,4.731141022341155,7.766808112088888,4.526929249230154,4.623378668390081,4.66572998330732,4.655927715779869
140,2019-01-03 08:00:00+00:00,43.29999999999988,5.399999999999996,marseille,1 days 14:00:00,26.1343,26.1343,7.476789687869866,7.760191948534418,7.687806702242719,12.655907484520263,12.738726088812646,7.989950776011915,7.729357803942764,12.808474978288558,12.58706560119964,12.747062183796878,7.631469658202148,7.445615270802535,12.712046055639012,12.551568097815952,7.902510040480015,7.692385399384658,7.822157424497682,7.558049077739585,7.423910996748427,7.60060706079256,7.759937034512543,7.4176024844101915,12.617092034163889,7.908251703004683,7.623119627143826,7.584346565679473,7.697659042087835,7.797107563590615,7.557581290186,7.725218789938333,12.681991866660539,7.391772667889941,7.549259595811655,7.618412718120267,7.602407137029053
141,2019-01-03 08:15:00+00:00,43.29999999999988,5.399999999999996,marseille,1 days 14:15:00,35.5199,35.5199,10.603814346145487,11.00574419609704,10.903085201378698,17.948999363399217,18.066455269073284,11.331595270243483,10.96201425872799,18.16537530102929,17.851365675620727,18.078277776763723,10.823186263364429,10.559601823828912,18.02861682097822,17.801022018604,11.20758411511163,10.909578851256146,11.09362555031662,10.719058925708492,10.528820151186576,10.779415973329115,11.005382669148304,10.519873223905265,17.89395009138227,11.215727118458183,10.81134399110276,10.756354836323306,10.917058094418907,11.058099062941126,10.718395494934223,10.956144181072833,17.98599304077898,10.483240579359961,10.70659341063405,10.804668507169996,10.781968897112922
142,2019-01-03 08:30:00+00:00,43.29999999999988,5.399999999999996,marseille,1 days 14:30:00,44.7472,44.7472,13.763803758022403,14.285510702206647,14.152258816500748,23.297890440763695,23.450348790480685,14.70846701702771,14.228749026016322,23.578747483925813,23.171161428458454,23.46569446426062,14.048549597590995,13.706415684170118,23.40123429666857,23.105815111272957,14.547499920912818,14.160687606337019,14.39958113705043,13.913391795449481,13.666460919991621,13.991735543439173,14.285041438429179,13.654847763884074,23.22643621190513,14.558069579754836,14.033178269299308,13.961802072913992,14.17039570115935,14.35346757975056,13.912530659004993,14.22112963602584,23.34590841798599,13.607298409076458,13.897211494887198,14.02451345795491,13.995049251207199
143,2019-01-03 08:45:00+00:00,43.29999999999988,5.399999999999996,marseille,1 days 14:45:00,53.2967,53.6382,16.851602681579653,17.490350392181796,17.327204515216042,28.52458520399107,28.711246361043862,18.008193562161264,17.420854689430126,28.868450271010254,28.36942555472971,28.730034713592833,17.20022896527292,16.78134005387718,28.651113424671074,28.289419315664244,17.811114789735818,17.337524236414087,17.63001161370873,17.034749594813515,16.732421758977793,17.130669133984405,17.48977585284152,16.7182032844889,28.437100792282468,17.82405566672135,17.18140920282835,17.09402032955219,17.349410264405854,17.57355284987328,17.033695269318013,17.411525950438133,28.583375629076254,16.6599866134966,17.014939373661154,17.170800510590823,17.13472624549888
144,2019-01-03 09:00:00+00:00,43.29999999999988,5.399999999999996,marseille,1 days 15:00:00,54.6663,62.0379,29.583537084671494,30.227470533199266,30.031808042140995,39.34343378800933,39.57060795935986,30.818219706652805,30.146561651717107,39.70780890191516,37.322670631434605,39.532762128869805,30.0444173234165,29.52838220133185,39.48807537298328,38.21495666549597,30.571063467055033,30.086637721319107,30.471547539058122,29.809648235380735,29.585562059788536,29.755445341768727,30.166595509752113,29.37224466678399,39.216342881840504,30.55326277982874,29.923681485269793,29.70259079519233,30.102980089069167,30.223190150853128,29.712770102304553,30.162271788379186,38.08742655236175,28.335338678842962,29.722451834414098,29.878094210753844,29.871627821335665
145,2019-01-03 09:15:00+00:00,43.29999999999988,5.399999999999996,marseille,1 days 15:15:00,56.2295,69.8501,43.14581884139041,43.777302592255694,43.550419239329926,50.46380587199801,50.730350982238754,44.43372751761342,43.68578327593143,50.84101974257355,46.38994548971325,50.62951081149116,43.72058364279946,43.10932436224179,50.62482503606323,48.35681534751063,44.136948353357475,43.654043898069006,44.13256361960774,43.41410426265398,43.28490772350111,43.19160805772187,43.6499405579327,42.85241534140495,50.29552276197932,44.08487574331819,43.487983349570385,43.12192320685001,43.67496291904389,43.67417370660685,43.211575300518945,43.72937328858971,47.756080741336035,40.737802131884976,43.2531534276941,43.40412114527764,43.4313343902434
146,2019-01-03 09:30:00+00:00,43.29999999999988,5.399999999999996,marseille,1 days 15:30:00,62.3651,77.0353,57.41239638476627,58.01370370735231,57.75722476751553,61.77769206515411,62.08205653072448,58.72782569083074,57.91249313445047,62.15985031788138,55.48156468684984,61.91241663734412,58.10155234536145,57.39797110360186,61.95316720861284,58.61577024110413,58.38238220299952,57.913491832368265,58.48588314037987,57.72163276070452,57.70322487263854,57.314140013233214,57.81426012565333,57.03343683145458,61.56702538003883,58.292808275118574,57.748140890865116,57.2271617007123,57.939063321769666,57.80121419020168,57.40456669173094,57.986558813267955,57.49423210957153,53.7517097115374,57.48122200251811,57.62305145559689,57.68772772192928
147,2019-01-03 09:45:00+00:00,43.29999999999988,5.399999999999996,marseille,1 days 15:45:00,69.9338,83.5348,72.25938370092769,72.81311629064312,72.52891141839339,73.18833885755359,73.52865666155162,73.57649988301971,72.7032120808896,73.567537456391,64.52031522320242,73.28501894503168,73.0624651009199,72.27023528788146,73.37623362408954,68.90432800421816,73.18375951548053,72.74120608250213,73.40693338797142,72.60800537855152,72.71528046445135,72.00045025500404,72.53663088074514,71.79216287864907,72.93446158678236,73.05378615737189,72.58035705562564,71.89586389709282,72.77146608416906,72.48172456928911,72.16852373916056,72.81008011416071,67.2189992829859,67.26417994413438,72.28312649925698,72.41144984045994,72.51703929234907
148,2019-01-03 10:00:00+00:00,43.29999999999988,5.399999999999996,marseille,1 days 16:00:00,79.5348,89.2992,77.78247266328475,78.37852936646081,78.07260151910981,78.78243177412814,79.14876150087844,79.20026158121911,78.26022471517685,79.19061411858465,69.45187459453555,78.88650152778773,78.64693695625219,77.79415368272271,78.98468812884806,74.17097593237979,78.77750241365798,78.30112275831583,79.0177344049524,78.1577409636876,78.27321553611115,77.5037478437855,78.08091101247379,77.27954018620997,78.50914959453851,78.63759464450396,78.12797936302034,77.39116751015229,78.33369565932742,78.02180798043652,77.68466789205131,78.37526112222528,72.3568304404883,72.40546444981274,77.8080302236653,77.94616185817372,78.05982195648136
149,2019-01-03 10:15:00+00:00,43.29999999999988,5.399999999999996,marseille,1 days 16:15:00,83.1017,94.2876,82.62608890312802,83.25926283629845,82.9342844620239,83.68831677481974,84.0774583324732,84.13216539013088,83.13359119974662,84.12191716738826,73.77673360396686,83.7988670880661,83.5443845175335,82.63849731491429,83.90316789711117,78.78969955031226,83.68308045663008,83.17703601748843,83.93827200802234,83.02472565109872,83.1473909760804,82.33000752480585,82.94311139840076,82.09183816333808,83.39801695670825,83.53446044782166,82.99311075665744,82.21041666664696,83.21163727562106,82.88032794330674,82.52219370095224,83.25579107422254,76.86258484742638,76.91424736007949,82.65323796619899,82.7999712381359,82.92070909932681
150,2019-01-03 10:30:00+00:00,43.29999999999988,5.399999999999996,marseille,1 days 16:30:00,95.0056,98.4664,86.75608249750258,87.42090508211992,87.07968294486591,87.87140491068948,88.27999737255186,88.33743891517298,87.28895185750258,88.32667844387979,77.46439982710726,87.98748098573365,87.72027832400309,86.76911113302052,88.09699518051394,82.72793454080043,87.86590685966377,87.33456822688584,88.13385394004908,87.17464475855826,87.30344140372164,86.44520174755193,87.08895108802355,86.19512769653275,87.56659470723645,87.70985820824956,87.1414496209606,86.31963324377652,87.3708989989812,87.02302945622513,86.64699418350014,87.41725978701922,80.70449467616235,80.75873949482994,86.78458858301119,86.93865619064309,87.0654290294051
151,2019-01-03 10:45:00+00:00,43.29999999999988,5.399999999999996,marseille,1 days 16:45:00,101.8084,101.8084,90.1448125756116,90.83560341771872,90.48105299630821,91.30369996429707,91.72825222431243,91.78793745841442,90.69849604311798,91.77675667846185,80.4901927642692,91.42431002100025,91.14667030781817,90.15835011526381,91.53810188756043,85.95932341876544,91.29798715702205,90.74589420760462,91.57640036617327,90.57972405948567,90.7135515572747,89.82178868920602,90.49068315714327,89.56194663767268,90.98698374255898,91.13584317783979,90.54523230546657,89.69131542540276,90.7836440753601,90.42218659791564,90.03146322491654,90.8318157358159,83.85684711848907,83.91321076321829,90.17443212114041,90.33451767611406,90.466242316749
152,2019-01-03 11:00:00+00:00,43.29999999999988,5.399999999999996,marseille,1 days 17:00:00,104.293,104.293,92.77042409079894,93.48133531851451,93.11645805030525,93.96306592397877,94.39998394604794,94.46140760783608,93.34023447283892,94.44990116982562,82.83459807105544,94.08718894104739,93.80146252817427,92.7843559328961,94.20429517730491,88.46302588324963,93.95718672207562,93.38901318450202,94.24370916022231,93.21800306565247,93.35572850287033,92.43799161823522,93.126368704942,92.17058125230703,93.63712483688147,93.79032004075782,93.18250668425722,92.30371811242048,93.42786257739539,93.05587707412323,92.65377325938724,93.47743731433205,86.29931160569328,86.35731693151772,92.80090635285679,92.96565465507615,93.10121598606969
153,2019-01-03 11:15:00+00:00,43.29999999999988,5.399999999999996,marseille,1 days 17:15:00,105.9049,105.9049,94.61648620654026,95.34154403645155,94.96940598326327,95.83286072098636,96.27847308520315,96.3411190319614,95.19763538938608,96.32938362443284,84.48294467365334,95.95945369334241,95.66804153836515,94.63069528188444,96.07889025619261,90.22337399340888,95.82686452735862,95.24738476096091,96.11908854791756,95.07297166853533,95.21343773903706,94.27743857618616,94.97951385252145,94.00470694380118,95.50043364981866,95.65667732377545,95.03676893567535,94.14049312794299,95.28700722774221,94.907619490925,94.49751411075202,95.33756846489868,88.0166034185872,88.07576300705047,94.64757504283487,94.81560171315854,94.95386061333922
154,2019-01-03 11:30:00+00:00,43.29999999999988,5.399999999999996,marseille,1 days 17:30:00,106.6345,106.6345,95.67176628768757,96.4049108593102,96.02862226227157,96.90170731519893,97.35228969965982,97.41563435150033,96.25939716501838,97.403768056192,85.42520296589389,97.02971220895999,96.73504986519553,95.6861338402146,97.15048087608493,91.229656653508,96.89564424460343,96.3097014031178,97.19112750887868,96.13334304016162,96.27537576201789,95.32893717880665,96.03884286698968,95.05316370592755,96.56557260616916,96.72355890282884,96.09673652964722,95.19046434554286,96.34976578865594,95.96614665054973,95.55146726793575,96.40089094726616,88.9982734437784,89.05809285314412,95.70320186513698,95.87310257671288,96.0129035111547
155,2019-01-03 11:45:00+00:00,43.29999999999988,5.399999999999996,marseille,1 days 17:45:00,106.4776,106.4776,95.92234219490253,96.65740696067732,96.28013281837036,97.1555045864667,97.60726710059532,97.67077765972718,96.51151214845098,97.65888028515872,85.64894188660989,97.2838447404997,96.98841064047971,95.93674737778433,97.4049297153453,91.46859813925545,97.14942563595726,96.56194813942366,97.44568280657799,96.38512787262158,96.52753259532527,95.57861517519261,96.29038019208625,95.30211941829145,96.81848950004944,96.97688958189516,96.3484254852363,95.43977966485946,96.60211745842487,96.21749357547819,95.8017280974932,96.65337651999829,89.2313706674847,89.29134675110609,95.95386010592475,96.12420580797792,96.26437289794646
156,2019-01-03 12:00:00+00:00,43.29999999999988,5.399999999999996,marseille,1 days 18:00:00,105.4017,105.4017,95.11852353514321,95.7078405082174,95.46449454188479,96.07894594021361,96.84589998569754,96.68973375508766,95.74310835600907,96.83380716042737,83.40304470653346,96.43481584047085,96.24541474153595,95.09802921468679,96.72127822362367,90.91624587813018,96.1944528193845,95.96834548361977,96.47706325691198,95.58433681547237,95.81888230548981,94.95171548923234,95.44110396958652,93.97626083972081,96.11091558350674,96.1108604582231,95.58495546837037,94.6972831030214,95.86914247593566,95.31618092990018,94.97112194447911,95.73270746573233,90.40831805074528,87.1015830265485,95.22435523245463,95.34212539328874,95.33184748680614
157,2019-01-03 12:15:00+00:00,43.29999999999988,5.399999999999996,marseille,1 days 18:15:00,103.414,103.414,93.51162823890891,93.95289445298549,93.8430275244149,94.19622598538388,95.26578903901556,94.89546030187779,94.16558202844675,95.19130374970801,80.48224218623949,94.77224413416809,94.68849240274314,93.4570733284769,95.21847957431547,89.59219635626656,94.43001654899186,94.5603637669088,94.69680795112636,93.97640408682928,94.29932310522852,93.51981533326175,93.78683888530261,91.86706423259096,94.5898998568996,94.43439839128365,94.01362988921034,93.1541697360385,94.32528800006855,93.61194212994289,93.33921588306592,94.00589623054196,90.7851059850121,84.20402841376671,93.68945231189235,93.75463190045582,93.59685373452415
158,2019-01-03 12:30:00+00:00,43.29999999999988,5.399999999999996,marseille,1 days 18:30:00,100.5609,100.5609,91.11248922950642,91.40462841633278,91.42667737207631,91.52046687963237,92.87749396731795,92.3003196925784,91.7895020108997,92.7424540062332,76.90872774405199,92.30739324634061,92.32802541014145,91.02499922170901,92.90644776963009,87.50502497021094,91.86824252637186,92.34714187260876,92.11716751927578,91.57215829407211,91.97893497173067,91.292282864965,91.33880660421434,88.98961227947069,92.26552636065405,91.95889270284478,91.64496994833472,90.82074869231158,91.980836609347,91.1164219625498,90.91705697377898,91.48476549281415,90.35604217387261,80.62057768323098,91.35937678925534,91.37238908284245,91.07129423862071
159,2019-01-03 12:45:00+00:00,43.29999999999988,5.399999999999996,marseille,1 days 18:45:00,96.8605,96.8605,87.94467539638033,88.08790305289455,88.23917110654767,88.07762932614442,89.70454734078999,88.9296045453169,88.63826074472493,89.51130685402532,72.7157105965484,89.06443566251616,89.18728931805968,87.82565617072079,89.80806052611578,84.67550164755333,88.53412251448499,89.35068981166418,88.7632953862169,88.39522706582414,88.88063756197538,88.29121712887527,88.12100374834097,85.37151841035059,89.16075826546319,88.70859625862965,88.50229962021781,87.72001434310931,88.85891494192877,87.85401822516764,87.72840575069263,88.19394515557423,89.12773044060613,76.38464521405163,88.2571116403731,88.21882892231315,87.77982364906704
160,2019-01-03 13:00:00+00:00,43.29999999999988,5.399999999999996,marseille,1 days 19:00:00,92.3369,92.3369,84.27784878446505,84.41510460720875,84.56006558516722,84.40525924038468,85.96434340102354,85.22171161076305,84.94251530172087,85.77916001784328,69.68385106078931,85.35092098535617,85.46865229493059,84.16379202938157,86.06354063542989,81.14498224522342,84.8427190834588,85.62523985443023,85.06233666169501,84.70961483847375,85.17478629096524,84.60994156435285,84.44682517918106,81.8119787998425,85.44322744653878,85.00991819767022,84.81222303513246,84.06255490578512,85.15396938898411,84.19097153655602,84.07059643617006,84.51672531652564,85.41157670683866,73.19981056033113,84.57725809386699,84.54057156214496,84.11987048084059
161,2019-01-03 13:15:00+00:00,43.29999999999988,5.399999999999996,marseille,1 days 19:15:00,87.0208,87.0208,79.89122078922352,80.02133250182155,80.15874831941699,80.01199958236482,81.4899340420486,80.7859559365736,80.521291682669,81.31438937918014,66.05683475355954,80.90844001539786,81.02004345785247,79.78310064218253,81.583968100463,76.92141868820148,80.42668981726668,81.16848069811503,80.63487638924406,80.30051359448153,80.74147306072138,80.20602827402746,80.05140203083245,77.55369834150639,80.99594196255212,80.58518628510353,80.39778107594047,79.6871328699866,80.72173967008185,79.80886546698446,79.69475584196245,80.11766389425607,80.96593863107184,69.3897899810029,80.17504596498179,80.14026895242075,79.74146519250623
162,2019-01-03 13:30:00+00:00,43.29999999999988,5.399999999999996,marseille,1 days 19:30:00,80.9497,80.9497,74.81704602826787,74.93889388456668,75.06758193625105,74.9301537319232,76.31421933268118,75.65495337329405,75.40709888476823,76.14982413390837,61.86133091241229,75.76965805389095,75.87417316592146,74.71579297520599,76.40228095456045,72.03586659087736,75.3185055193365,76.01318263063266,75.51346942380846,75.20034319593559,75.61329576264262,75.11185897326915,74.96705359115063,72.62798792106527,75.85160244206192,75.4669353144044,75.29143287469475,74.62592045656521,75.59481570962569,74.73992138461159,74.63305926655653,75.02910692863514,75.82350472856866,64.9825983332679,75.08284446054758,75.05027625938853,74.67680194059584
163,2019-01-03 13:45:00+00:00,43.29999999999988,5.399999999999996,marseille,1 days 19:45:00,74.1755,74.1755,69.09424477527698,69.20677241510484,69.32561703962227,69.19870080204097,70.47689838508481,69.86806007900292,69.63916413071348,70.32507787482841,57.129520170733464,69.97399092897308,70.07051161666,69.00073662968862,70.55822412006685,66.52579944079503,69.557347325566,70.19888816305834,69.73739832267219,69.44822330998814,69.8295888842699,69.36650729920959,69.23277816864362,67.07262905111148,70.04966734116537,69.6944236355354,69.53234548394177,68.91773851453729,69.81252238172274,69.0230194424166,68.92433127262024,69.29008500868724,70.02371883882816,60.012039952444866,69.33971212417337,69.30963508448481,68.96472804297728
164,2019-01-03 14:00:00+00:00,43.29999999999988,5.399999999999996,marseille,1 days 20:00:00,66.7521,66.7521,62.76791086458229,62.87013536807733,62.97809846721396,62.86280279948244,64.02396741197312,63.47087491271526,63.262936892316844,63.88604773015036,51.89868767617019,63.567106634624416,63.65478979754232,62.68296441258052,64.09784688631939,60.43463479593639,63.18861131065046,63.7714120668448,63.35217666944694,63.089478792374095,63.435926176685065,63.01524477624961,62.893760010410375,60.931396173820914,63.6358540434786,63.313136785004914,63.16589866111468,62.60756568276314,63.420422299131545,62.70320699005815,62.61355480172735,62.94581978238542,63.61228141037335,54.51728124083415,62.99090299259245,62.96357983489122,62.65025280586989
165,2019-01-03 14:15:00+00:00,43.29999999999988,5.399999999999996,marseille,1 days 20:15:00,58.7378,58.7378,55.89257741528105,55.98360467581329,56.079741950311835,55.977075285999334,57.01105080153846,56.51854173270429,56.333380370112934,56.8882382626601,46.21392330469655,56.6042326357872,56.682311353142936,55.81693564101671,57.07683782841925,53.814878611837194,56.267196100635076,56.786159308659535,56.41284519669491,56.17892214224116,56.487421134500096,56.11281940860014,56.00464157400411,54.25722683384882,56.66544974208491,56.378081577300804,56.24697129937917,55.749795771531126,56.473615486606754,55.83496093153809,55.75512886754699,56.05099893710983,56.644459156249425,48.54568712343984,56.09114392173521,56.066813628022864,55.78780712637814
166,2019-01-03 14:30:00+00:00,43.29999999999988,5.399999999999996,marseille,1 days 20:30:00,50.2123,50.2123,48.53378258937283,48.612825236476986,48.696305115112374,48.607155503565636,49.504998208171166,49.07733269021715,48.91654960001912,49.39835512000431,40.12941628379572,49.15174156260125,49.21954046664615,48.46809978144749,49.56212374088923,46.729632795683486,48.85907912550855,49.309715841060274,48.98555211869305,48.78242728186281,49.050309417769505,48.72502760821277,48.631092424900984,47.11374162423857,49.20489884868825,48.955365463796866,48.84151711365545,48.4097995208515,49.03832141606433,48.483751869286884,48.41443046353714,48.671346395757844,49.18667187515304,42.15418099249409,48.70620590744909,48.68507893066652,48.44280631562435
167,2019-01-03 14:45:00+00:00,43.29999999999988,5.399999999999996,marseille,1 days 20:45:00,41.2767,41.2767,40.77894042682153,40.845353453490176,40.91549472037871,40.840589643865364,41.59497292516729,41.23564081155883,41.100548022432996,41.505369520955384,33.71744357626781,41.29816045895271,41.35512629432643,40.72375257274233,41.64297080563891,39.26306193903951,41.0522603157814,41.430893234898775,41.15852515605375,40.98785608436013,41.212935381269105,40.93962786584072,40.86070186749719,39.585796953732014,41.34282414859201,41.1331617960183,41.03750440357089,40.674767665181626,41.202862850728714,40.7369037330992,40.67865866493112,40.8945239640233,41.32750952384408,35.41868660801167,40.9238135407825,40.90606228214056,40.70250055649798
168,2019-01-03 15:00:00+00:00,43.29999999999988,5.399999999999996,marseille,1 days 21:00:00,32.0827,32.0827,28.78655300590288,28.825259062602175,28.886527687455647,30.837634665480152,31.335921796753595,29.13915176542743,29.035315556175448,31.295130796467017,25.184935998220094,31.157523022629878,29.191839816315422,28.733003136780642,31.386203252299605,29.775948692351538,29.00247486607632,29.287546915444672,29.057511033908924,28.94096223362615,29.19912571521161,28.926389407693172,28.851177970794325,27.958379980032436,31.17405206937081,29.058879046912228,28.992583788730848,28.69834308302182,29.125181143369097,28.68671784459699,28.72393096684298,28.866852596019225,31.17940866627481,25.089987859293075,28.926758120190787,28.88646231289203,28.73621698682185
169,2019-01-03 15:15:00+00:00,43.29999999999988,5.399999999999996,marseille,1 days 21:15:00,22.8386,22.8386,18.252692945868457,18.26926667367281,18.319571784541225,21.509856744211852,21.792429497296236,18.505705136992987,18.431608722588958,21.788456912302337,17.317140256037153,21.709648783577254,18.508257382131937,18.204516925085745,21.840294383598483,20.887274209113418,18.412000232508653,18.610093217332086,18.427425823005635,18.3573554523489,18.617806893395557,18.36709358230223,18.300402619729134,17.74130321167881,21.705510058867993,18.44707677594243,18.406240642189683,18.182461301881254,18.505782112391994,18.121009565284577,18.22094753603984,18.302348502443422,21.724663831035837,15.993925961236304,18.378567133641152,18.325956221653865,18.224308636841787
170,2019-01-03 15:30:00+00:00,43.29999999999988,5.399999999999996,marseille,1 days 21:30:00,13.9019,13.9019,9.320662510924269,9.320544026110491,9.358570178733201,13.091111843822503,13.199462019555986,9.481567319281579,9.434837960350666,13.221009718371068,10.294786055024478,13.189861328732244,9.449640676953061,9.280745656761082,13.241116788051883,12.827687044861953,9.426133252070327,9.545959998050908,9.413040810361386,9.38138409287586,9.618585490614159,9.406795484023082,9.352276254491924,9.074309968731598,13.172003690297942,9.443304368866109,9.423743587809097,9.269398267386208,9.49122950574729,9.179776317626223,9.31302580681872,9.344661948063179,13.198754283040156,8.258896284028728,9.424759037504954,9.368750709619173,9.309972234489786
171,2019-01-03 15:45:00+00:00,43.29999999999988,5.399999999999996,marseille,1 days 21:45:00,5.9929,5.9929,2.181617047440694,2.1696064201012435,2.1957347418164974,6.006444305092147,5.9816152071256985,2.2635492731760576,2.2401951796737585,6.0195786631585175,4.436878159195314,6.024987012860403,2.209676943170433,2.1508880754643847,6.015399483843426,6.020877886907322,2.2399845161241436,2.2941026082837572,2.2076400733428145,2.2059894320100586,2.407009640072792,2.2404761123554904,2.1991413202951393,2.1446018291129274,5.998823304847301,2.242969551733448,2.2401951796737585,2.1481137034046953,2.2792474116758754,2.0458124916997025,2.1918015404255073,2.1853396572054393,6.028779819833904,2.0610891592535485,2.2615826005571913,2.2077806116070544,2.1844265181047544
172,2019-01-03 16:00:00+00:00,43.29999999999988,5.399999999999996,marseille,1 days 22:00:00,0.7414,0.7414,1.035549001131592,1.0298479120431423,1.042250252538795,2.8510812233464575,2.839295585886245,1.0744398021639148,1.0633543056387518,2.8573157141302947,2.106054658532905,2.8598828975588124,1.0488682026059621,1.0209628682109686,2.8553319814809877,2.8579324171657343,1.0632543098908116,1.0889425654647122,1.0479013608232104,1.0471178502683385,1.1425361895735033,1.0634876560626012,1.0438672544525691,1.0179789732428943,2.847463760235582,1.0646712178890247,1.0633543056387518,1.0196459559606956,1.081891243589981,0.971086600541313,1.0403832783251201,1.0373160137372197,2.8616832307004634,0.9783379821917082,1.073506280917182,1.0479680701750322,1.036882573649869
173,2019-01-03 16:15:00+00:00,43.29999999999988,5.399999999999996,marseille,1 days 22:15:00,0.0,0.0,0.0,0.0,0.0,0.0,0.0,0.0,0.0,0.0,0.0,0.0,0.0,0.0,0.0,0.0,0.0,0.0,0.0,0.0,0.0,0.0,0.0,0.0,0.0,0.0,0.0,0.0,0.0,0.0,0.0,0.0,0.0,0.0,0.0,0.0,0.0
174,2019-01-03 16:30:00+00:00,43.29999999999988,5.399999999999996,marseille,1 days 22:30:00,0.0,0.0,0.0,0.0,0.0,0.0,0.0,0.0,0.0,0.0,0.0,0.0,0.0,0.0,0.0,0.0,0.0,0.0,0.0,0.0,0.0,0.0,0.0,0.0,0.0,0.0,0.0,0.0,0.0,0.0,0.0,0.0,0.0,0.0,0.0,0.0,0.0
175,2019-01-03 16:45:00+00:00,43.29999999999988,5.399999999999996,marseille,1 days 22:45:00,0.0,0.0,0.0,0.0,0.0,0.0,0.0,0.0,0.0,0.0,0.0,0.0,0.0,0.0,0.0,0.0,0.0,0.0,0.0,0.0,0.0,0.0,0.0,0.0,0.0,0.0,0.0,0.0,0.0,0.0,0.0,0.0,0.0,0.0,0.0,0.0,0.0
176,2019-01-03 17:00:00+00:00,43.29999999999988,5.399999999999996,marseille,1 days 23:00:00,0.0,0.0,0.0,0.0,0.0,0.0,0.0,0.0,0.0,0.0,0.0,0.0,0.0,0.0,0.0,0.0,0.0,0.0,0.0,0.0,0.0,0.0,0.0,0.0,0.0,0.0,0.0,0.0,0.0,0.0,0.0,0.0,0.0,0.0,0.0,0.0,0.0
177,2019-01-03 17:15:00+00:00,43.29999999999988,5.399999999999996,marseille,1 days 23:15:00,0.0,0.0,0.0,0.0,0.0,0.0,0.0,0.0,0.0,0.0,0.0,0.0,0.0,0.0,0.0,0.0,0.0,0.0,0.0,0.0,0.0,0.0,0.0,0.0,0.0,0.0,0.0,0.0,0.0,0.0,0.0,0.0,0.0,0.0,0.0,0.0,0.0
178,2019-01-03 17:30:00+00:00,43.29999999999988,5.399999999999996,marseille,1 days 23:30:00,0.0,0.0,0.0,0.0,0.0,0.0,0.0,0.0,0.0,0.0,0.0,0.0,0.0,0.0,0.0,0.0,0.0,0.0,0.0,0.0,0.0,0.0,0.0,0.0,0.0,0.0,0.0,0.0,0.0,0.0,0.0,0.0,0.0,0.0,0.0,0.0,0.0
179,2019-01-03 17:45:00+00:00,43.29999999999988,5.399999999999996,marseille,1 days 23:45:00,0.0,0.0,0.0,0.0,0.0,0.0,0.0,0.0,0.0,0.0,0.0,0.0,0.0,0.0,0.0,0.0,0.0,0.0,0.0,0.0,0.0,0.0,0.0,0.0,0.0,0.0,0.0,0.0,0.0,0.0,0.0,0.0,0.0,0.0,0.0,0.0,0.0
180,2019-01-03 18:00:00+00:00,43.29999999999988,5.399999999999996,marseille,2 days 00:00:00,0.0,0.0,0.0,0.0,0.0,0.0,0.0,0.0,0.0,0.0,0.0,0.0,0.0,0.0,0.0,0.0,0.0,0.0,0.0,0.0,0.0,0.0,0.0,0.0,0.0,0.0,0.0,0.0,0.0,0.0,0.0,0.0,0.0,0.0,0.0,0.0,0.0
181,2019-01-03 18:15:00+00:00,43.29999999999988,5.399999999999996,marseille,2 days 00:15:00,0.0,0.0,0.0,0.0,0.0,0.0,0.0,0.0,0.0,0.0,0.0,0.0,0.0,0.0,0.0,0.0,0.0,0.0,0.0,0.0,0.0,0.0,0.0,0.0,0.0,0.0,0.0,0.0,0.0,0.0,0.0,0.0,0.0,0.0,0.0,0.0,0.0
182,2019-01-03 18:30:00+00:00,43.29999999999988,5.399999999999996,marseille,2 days 00:30:00,0.0,0.0,0.0,0.0,0.0,0.0,0.0,0.0,0.0,0.0,0.0,0.0,0.0,0.0,0.0,0.0,0.0,0.0,0.0,0.0,0.0,0.0,0.0,0.0,0.0,0.0,0.0,0.0,0.0,0.0,0.0,0.0,0.0,0.0,0.0,0.0,0.0
183,2019-01-03 18:45:00+00:00,43.29999999999988,5.399999999999996,marseille,2 days 00:45:00,0.0,0.0,0.0,0.0,0.0,0.0,0.0,0.0,0.0,0.0,0.0,0.0,0.0,0.0,0.0,0.0,0.0,0.0,0.0,0.0,0.0,0.0,0.0,0.0,0.0,0.0,0.0,0.0,0.0,0.0,0.0,0.0,0.0,0.0,0.0,0.0,0.0
184,2019-01-03 19:00:00+00:00,43.29999999999988,5.399999999999996,marseille,2 days 01:00:00,0.0,0.0,0.0,0.0,0.0,0.0,0.0,0.0,0.0,0.0,0.0,0.0,0.0,0.0,0.0,0.0,0.0,0.0,0.0,0.0,0.0,0.0,0.0,0.0,0.0,0.0,0.0,0.0,0.0,0.0,0.0,0.0,0.0,0.0,0.0,0.0,0.0
185,2019-01-03 19:15:00+00:00,43.29999999999988,5.399999999999996,marseille,2 days 01:15:00,0.0,0.0,0.0,0.0,0.0,0.0,0.0,0.0,0.0,0.0,0.0,0.0,0.0,0.0,0.0,0.0,0.0,0.0,0.0,0.0,0.0,0.0,0.0,0.0,0.0,0.0,0.0,0.0,0.0,0.0,0.0,0.0,0.0,0.0,0.0,0.0,0.0
186,2019-01-03 19:30:00+00:00,43.29999999999988,5.399999999999996,marseille,2 days 01:30:00,0.0,0.0,0.0,0.0,0.0,0.0,0.0,0.0,0.0,0.0,0.0,0.0,0.0,0.0,0.0,0.0,0.0,0.0,0.0,0.0,0.0,0.0,0.0,0.0,0.0,0.0,0.0,0.0,0.0,0.0,0.0,0.0,0.0,0.0,0.0,0.0,0.0
187,2019-01-03 19:45:00+00:00,43.29999999999988,5.399999999999996,marseille,2 days 01:45:00,0.0,0.0,0.0,0.0,0.0,0.0,0.0,0.0,0.0,0.0,0.0,0.0,0.0,0.0,0.0,0.0,0.0,0.0,0.0,0.0,0.0,0.0,0.0,0.0,0.0,0.0,0.0,0.0,0.0,0.0,0.0,0.0,0.0,0.0,0.0,0.0,0.0
188,2019-01-03 20:00:00+00:00,43.29999999999988,5.399999999999996,marseille,2 days 02:00:00,0.0,0.0,0.0,0.0,0.0,0.0,0.0,0.0,0.0,0.0,0.0,0.0,0.0,0.0,0.0,0.0,0.0,0.0,0.0,0.0,0.0,0.0,0.0,0.0,0.0,0.0,0.0,0.0,0.0,0.0,0.0,0.0,0.0,0.0,0.0,0.0,0.0
189,2019-01-03 20:15:00+00:00,43.29999999999988,5.399999999999996,marseille,2 days 02:15:00,0.0,0.0,0.0,0.0,0.0,0.0,0.0,0.0,0.0,0.0,0.0,0.0,0.0,0.0,0.0,0.0,0.0,0.0,0.0,0.0,0.0,0.0,0.0,0.0,0.0,0.0,0.0,0.0,0.0,0.0,0.0,0.0,0.0,0.0,0.0,0.0,0.0
190,2019-01-03 20:30:00+00:00,43.29999999999988,5.399999999999996,marseille,2 days 02:30:00,0.0,0.0,0.0,0.0,0.0,0.0,0.0,0.0,0.0,0.0,0.0,0.0,0.0,0.0,0.0,0.0,0.0,0.0,0.0,0.0,0.0,0.0,0.0,0.0,0.0,0.0,0.0,0.0,0.0,0.0,0.0,0.0,0.0,0.0,0.0,0.0,0.0
191,2019-01-03 20:45:00+00:00,43.29999999999988,5.399999999999996,marseille,2 days 02:45:00,0.0,0.0,0.0,0.0,0.0,0.0,0.0,0.0,0.0,0.0,0.0,0.0,0.0,0.0,0.0,0.0,0.0,0.0,0.0,0.0,0.0,0.0,0.0,0.0,0.0,0.0,0.0,0.0,0.0,0.0,0.0,0.0,0.0,0.0,0.0,0.0,0.0
192,2019-01-03 21:00:00+00:00,43.29999999999988,5.399999999999996,marseille,2 days 03:00:00,0.0,0.0,0.0,0.0,0.0,0.0,0.0,0.0,0.0,0.0,0.0,0.0,0.0,0.0,0.0,0.0,0.0,0.0,0.0,0.0,0.0,0.0,0.0,0.0,0.0,0.0,0.0,0.0,0.0,0.0,0.0,0.0,0.0,0.0,0.0,0.0,0.0
